Metabolite,contrast,Sex,estimate_log2,SE,df,t_ratio,raw_p,label1,label2,Direction,p_adj_BH_global
"(R)-2,3-Dihydroxyisovalerate",(4s2-) - 4s2M,Female,-0.45472845603749634,0.2430761884920173,15,-1.870723985177305,0.08102254104564413,(4s2-),4s2M,4s2M > (4s2-),0.43205316643143804
"(R)-2,3-Dihydroxyisovalerate",(4s2-) - 4s2M,Male,0.22938401234965078,0.3215595721956692,15,0.7133484187187265,0.48658132072545834,(4s2-),4s2M,(4s2-) > 4s2M,0.8026389306187104
(R)-2-Pyrrolidone-5-carboxylic acid,(4s2-) - 4s2M,Female,-0.3411007627219752,0.1863780864070034,15,-1.830154871196048,0.08716862129757083,(4s2-),4s2M,4s2M > (4s2-),0.43205316643143804
(R)-2-Pyrrolidone-5-carboxylic acid,(4s2-) - 4s2M,Male,-0.0516043554611518,0.24655503323251945,15,-0.20930156965193697,0.8370288108870341,(4s2-),4s2M,4s2M > (4s2-),0.918046738637436
(S)-(5-Adenosyl)methionine,(4s2-) - 4s2M,Female,-0.5408815276520877,0.48599758209139077,15,-1.1129304909800481,0.28325628002485936,(4s2-),4s2M,4s2M > (4s2-),0.6511438231580066
(S)-(5-Adenosyl)methionine,(4s2-) - 4s2M,Male,0.5327663587128815,0.6429143699962592,15,0.8286739005631207,0.420279931437643,(4s2-),4s2M,(4s2-) > 4s2M,0.7790554826648992
"1,7-Dimethylxanthine",(4s2-) - 4s2M,Female,-0.04292598228570238,0.17169875677870458,15,-0.2500075311612646,0.8059731610295219,(4s2-),4s2M,4s2M > (4s2-),0.918046738637436
"1,7-Dimethylxanthine",(4s2-) - 4s2M,Male,-0.12901189854284448,0.22713610542770898,15,-0.5679937951736401,0.5784430681679154,(4s2-),4s2M,4s2M > (4s2-),0.8387869694988654
1-Aminocyclopropane-1-carboxylic acid,(4s2-) - 4s2M,Female,0.1335322678976062,0.1877483331374139,15,0.7112301114272652,0.4878551877543452,(4s2-),4s2M,(4s2-) > 4s2M,0.8026389306187104
1-Aminocyclopropane-1-carboxylic acid,(4s2-) - 4s2M,Male,0.6015121792312809,0.24836769927425223,15,2.421861542337999,0.02857600481541013,(4s2-),4s2M,(4s2-) > 4s2M,0.3257664548956755
2-Aminoadipic acid,(4s2-) - 4s2M,Female,-0.4356927507055823,0.3842609768283757,15,-1.133845945798909,0.27465593759532586,(4s2-),4s2M,4s2M > (4s2-),0.6483405606047298
2-Aminoadipic acid,(4s2-) - 4s2M,Male,0.770360225629737,0.5083294916173177,15,1.5154741921007453,0.1504397229637126,(4s2-),4s2M,(4s2-) > 4s2M,0.546224652417334
2-Aminobutyric acid,(4s2-) - 4s2M,Female,-0.18723427196624,0.1909067605851345,15,-0.9807629200367854,0.34226459546648924,(4s2-),4s2M,4s2M > (4s2-),0.7094211615123596
2-Aminobutyric acid,(4s2-) - 4s2M,Male,0.40216766248725255,0.2525459060546068,15,1.592453699884146,0.13213298537691673,(4s2-),4s2M,(4s2-) > 4s2M,0.546224652417334
2-Aminoisobutyric acid,(4s2-) - 4s2M,Female,-0.15280505684147416,0.2017871727086021,15,-0.7572585253579904,0.46062577792139303,(4s2-),4s2M,4s2M > (4s2-),0.8026389306187104
2-Aminoisobutyric acid,(4s2-) - 4s2M,Male,0.24571103015526263,0.2669393383749005,15,0.9204751598289197,0.37189159004449834,(4s2-),4s2M,(4s2-) > 4s2M,0.7309593321564277
2-Aminophenol,(4s2-) - 4s2M,Female,9.139927154648286e-4,0.11937258803631143,15,0.0076566381821830416,0.9939918502023084,(4s2-),4s2M,(4s2-) > 4s2M,0.9939918502023084
2-Aminophenol,(4s2-) - 4s2M,Male,0.23201937451012358,0.15791509065112214,15,1.4692666391378528,0.16242053911412602,(4s2-),4s2M,(4s2-) > 4s2M,0.5527146704182199
2-Deoxyadenosine,(4s2-) - 4s2M,Female,-0.1254636770030278,0.1422370924558079,15,-0.8820742524810011,0.39165296559348883,(4s2-),4s2M,4s2M > (4s2-),0.749707311238597
2-Deoxyadenosine,(4s2-) - 4s2M,Male,0.346042228119485,0.18816198692348457,15,1.8390655507916265,0.08578418447212025,(4s2-),4s2M,(4s2-) > 4s2M,0.43205316643143804
2-Deoxyguanosine 5-monophosphate (dGMP),(4s2-) - 4s2M,Female,-0.5527648152591412,0.32166438932964875,15,-1.7184520064875932,0.10627878002980805,(4s2-),4s2M,4s2M > (4s2-),0.4945216703427803
2-Deoxyguanosine 5-monophosphate (dGMP),(4s2-) - 4s2M,Male,0.2999088389116191,0.4255219898958546,15,0.704802210069146,0.49173279730173314,(4s2-),4s2M,(4s2-) > 4s2M,0.8026389306187104
2-Deoxyuridine,(4s2-) - 4s2M,Female,-0.03308318378333075,0.36979454797282063,15,-0.08946368724117132,0.9298970256645217,(4s2-),4s2M,4s2M > (4s2-),0.9663986980647287
2-Deoxyuridine,(4s2-) - 4s2M,Male,0.7798685577891233,0.48919220506181393,15,1.5941966158078495,0.13174148020120893,(4s2-),4s2M,(4s2-) > 4s2M,0.546224652417334
2-Hydroxypyridine,(4s2-) - 4s2M,Female,-0.09723003101182921,0.18705451397391076,15,-0.5197951599574351,0.610792072272573,(4s2-),4s2M,4s2M > (4s2-),0.8543594630561144
2-Hydroxypyridine,(4s2-) - 4s2M,Male,-0.25601684495704197,0.2474498627935121,15,-1.0346210826985938,0.3172389967660118,(4s2-),4s2M,4s2M > (4s2-),0.675985899650941
2-Methylglutaric acid,(4s2-) - 4s2M,Female,-0.035919493131738034,0.12168292300459127,15,-0.29518926933060885,0.7718958811945525,(4s2-),4s2M,4s2M > (4s2-),0.918046738637436
2-Methylglutaric acid,(4s2-) - 4s2M,Male,-0.22721764094607505,0.1609713765367845,15,-1.4115406467568614,0.17849136858525094,(4s2-),4s2M,4s2M > (4s2-),0.5532496980743984
2-Oxoadipic acid,(4s2-) - 4s2M,Female,-0.2239489384668607,0.09754004920207375,15,-2.295969094734673,0.036507548411497406,(4s2-),4s2M,4s2M > (4s2-),0.37835095626460946
2-Oxoadipic acid,(4s2-) - 4s2M,Male,0.03387649111597185,0.12903335652884565,15,0.2625405711150256,0.7964762626275217,(4s2-),4s2M,(4s2-) > 4s2M,0.918046738637436
3-(2-Hydroxyethyl)indole (IEA),(4s2-) - 4s2M,Female,-0.4416806721209655,0.3190117927522825,15,-1.3845277264215035,0.18644824019095202,(4s2-),4s2M,4s2M > (4s2-),0.5532496980743984
3-(2-Hydroxyethyl)indole (IEA),(4s2-) - 4s2M,Male,-0.10969707067772841,0.42201293445970844,15,-0.2599376979242841,0.7984459102176802,(4s2-),4s2M,4s2M > (4s2-),0.918046738637436
3-Amino-4-hydroxybenzoic acid,(4s2-) - 4s2M,Female,-0.06217335173231266,0.11415415323357359,15,-0.5446437993815104,0.5940038548445497,(4s2-),4s2M,4s2M > (4s2-),0.8464554931534832
3-Amino-4-hydroxybenzoic acid,(4s2-) - 4s2M,Male,0.2286536830350384,0.15101175029059777,15,1.5141449761030599,0.15077371721653549,(4s2-),4s2M,(4s2-) > 4s2M,0.546224652417334
3-Hydroxybenzaldehyde,(4s2-) - 4s2M,Female,-0.03470562549265328,0.15913443064838567,15,-0.21808998436885632,0.8302981911157485,(4s2-),4s2M,4s2M > (4s2-),0.918046738637436
3-Hydroxybenzaldehyde,(4s2-) - 4s2M,Male,0.27688040372946593,0.2105150642617418,15,1.3152522110494167,0.20817687636354928,(4s2-),4s2M,(4s2-) > 4s2M,0.5650515215582053
3-Hydroxybenzyl alcohol,(4s2-) - 4s2M,Female,-0.4249967725708095,0.2970774622011254,15,-1.4305924435394597,0.17304859753796265,(4s2-),4s2M,4s2M > (4s2-),0.5527782757853593
3-Hydroxybenzyl alcohol,(4s2-) - 4s2M,Male,2.481007257617616,0.39299654255318445,15,6.3130511059950605,1.3913244537589021e-5,(4s2-),4s2M,(4s2-) > 4s2M,0.003172219754570297
3-Hydroxyphenylacetic acid,(4s2-) - 4s2M,Female,-0.4846646981833013,0.14360441242214997,15,-3.3749986508669787,0.004166107206344474,(4s2-),4s2M,4s2M > (4s2-),0.32100641770105093
3-Hydroxyphenylacetic acid,(4s2-) - 4s2M,Male,-0.13774720953135927,0.18997078122028174,15,-0.7250968209244435,0.47955237865052314,(4s2-),4s2M,4s2M > (4s2-),0.8026389306187104
3-Methyladenine,(4s2-) - 4s2M,Female,-0.440752401244813,0.19631297175237164,15,-2.245151694819109,0.04026111652413536,(4s2-),4s2M,4s2M > (4s2-),0.3871586104284704
3-Methyladenine,(4s2-) - 4s2M,Male,0.5635378527880395,0.25969765119641164,15,2.1699767024917405,0.04647874486750963,(4s2-),4s2M,(4s2-) > 4s2M,0.39248717888119244
3-Methylglutaric acid,(4s2-) - 4s2M,Female,-0.36636808055876385,0.2685193676123993,15,-1.3644009510986432,0.19256266575613126,(4s2-),4s2M,4s2M > (4s2-),0.5532496980743984
3-Methylglutaric acid,(4s2-) - 4s2M,Male,0.2225212938124806,0.3552177344533701,15,0.626436329692011,0.5404457170149759,(4s2-),4s2M,(4s2-) > 4s2M,0.8335199898736251
4-Aminobenzoic acid (PAB),(4s2-) - 4s2M,Female,-0.14644817358308165,0.19661541309710515,15,-0.7448458453801549,0.4678753820146999,(4s2-),4s2M,4s2M > (4s2-),0.8026389306187104
4-Aminobenzoic acid (PAB),(4s2-) - 4s2M,Male,0.5290233936798718,0.26009774348858605,15,2.033940727759859,0.06003897316589111,(4s2-),4s2M,(4s2-) > 4s2M,0.40261429064185805
4-Hydroxybenzaldehyde,(4s2-) - 4s2M,Female,-0.008207429464069937,0.17668353884330731,15,-0.0464527115417851,0.9635622415413797,(4s2-),4s2M,4s2M > (4s2-),0.9749127425527944
4-Hydroxybenzaldehyde,(4s2-) - 4s2M,Male,0.28435721245936707,0.23373035226910593,15,1.2166037046483882,0.24255241102262118,(4s2-),4s2M,(4s2-) > 4s2M,0.6129406167836462
4-Hydroxyphenylacetic acid,(4s2-) - 4s2M,Female,-0.24919665419924453,0.11237698320075602,15,-2.2175061752108687,0.04245160202066561,(4s2-),4s2M,4s2M > (4s2-),0.3871586104284704
4-Hydroxyphenylacetic acid,(4s2-) - 4s2M,Male,-0.22432958225825333,0.14866077531844188,15,-1.5090031770500558,0.15207157400342244,(4s2-),4s2M,4s2M > (4s2-),0.546224652417334
4-Methylaminobutyrate,(4s2-) - 4s2M,Female,0.27911491167813895,0.37536171756734216,15,0.7435891797571607,0.4686132038971106,(4s2-),4s2M,(4s2-) > 4s2M,0.8026389306187104
4-Methylaminobutyrate,(4s2-) - 4s2M,Male,-0.11221856464771127,0.49655687818862615,15,-0.22599337473094674,0.8242570559678885,(4s2-),4s2M,4s2M > (4s2-),0.918046738637436
5-Deoxy-5-(methylthio)adenosine,(4s2-) - 4s2M,Female,-0.12320574879540559,0.14682123726385138,15,-0.8391548190946888,0.41455653087413014,(4s2-),4s2M,4s2M > (4s2-),0.7750535827590623
5-Deoxy-5-(methylthio)adenosine,(4s2-) - 4s2M,Male,-0.04171241922226883,0.1942262404914801,15,-0.2147620173088743,0.8328453355434174,(4s2-),4s2M,4s2M > (4s2-),0.918046738637436
5-Valerolactone,(4s2-) - 4s2M,Female,0.35037617005883887,0.563946898040514,15,0.6212928402944559,0.5437339673132067,(4s2-),4s2M,(4s2-) > 4s2M,0.8335199898736251
5-Valerolactone,(4s2-) - 4s2M,Male,-0.21615585861537873,0.7460316224307496,15,-0.2897408797647092,0.7759811340649937,(4s2-),4s2M,4s2M > (4s2-),0.918046738637436
Acetylcholine,(4s2-) - 4s2M,Female,0.2933613339624107,0.49288505318162495,15,0.5951921894744675,0.5605878368384207,(4s2-),4s2M,(4s2-) > 4s2M,0.8353857960729407
Acetylcholine,(4s2-) - 4s2M,Male,0.3039443677215621,0.6520256378297123,15,0.466154013104838,0.6478027687720754,(4s2-),4s2M,(4s2-) > 4s2M,0.8688178310590188
Adenine,(4s2-) - 4s2M,Female,-0.07892275751909134,0.259919532775809,15,-0.3036430416607642,0.7655709878183286,(4s2-),4s2M,4s2M > (4s2-),0.918046738637436
Adenine,(4s2-) - 4s2M,Male,0.9575106091699388,0.34384122230644626,15,2.784746409249801,0.013880210837326505,(4s2-),4s2M,(4s2-) > 4s2M,0.32100641770105093
Adenosine 5-monophosphate (AMP),(4s2-) - 4s2M,Female,-0.5103135309606954,0.2574958004674365,15,-1.9818324416721154,0.06612951918305308,(4s2-),4s2M,4s2M > (4s2-),0.4188202881593362
Adenosine 5-monophosphate (AMP),(4s2-) - 4s2M,Male,0.7227492357774892,0.3406349258401732,15,2.121770790223094,0.05092253507056311,(4s2-),4s2M,(4s2-) > 4s2M,0.3990525231548901
Adenylosuccinic acid,(4s2-) - 4s2M,Female,-0.26442279662317614,0.46219558325640064,15,-0.5721015219578351,0.5757275978097987,(4s2-),4s2M,4s2M > (4s2-),0.8387869694988654
Adenylosuccinic acid,(4s2-) - 4s2M,Male,1.5102476264097642,0.6114272851844427,15,2.470036360831009,0.025996690669559112,(4s2-),4s2M,(4s2-) > 4s2M,0.32100641770105093
Adipic acid,(4s2-) - 4s2M,Female,-0.7012600911725873,0.30512397796019686,15,-2.29827919739584,0.03634496471757575,(4s2-),4s2M,4s2M > (4s2-),0.37835095626460946
Adipic acid,(4s2-) - 4s2M,Male,0.07278618918394508,0.4036410823627171,15,0.1803240362895927,0.8593118102431924,(4s2-),4s2M,(4s2-) > 4s2M,0.9310558487178515
Alanine,(4s2-) - 4s2M,Female,-0.1121476601821792,0.15003764294205976,15,-0.7474634897156269,0.4663407736707601,(4s2-),4s2M,4s2M > (4s2-),0.8026389306187104
Alanine,(4s2-) - 4s2M,Male,-0.021042146337307117,0.1984811452614978,15,-0.10601584502943193,0.9169745853328745,(4s2-),4s2M,4s2M > (4s2-),0.9634571679995177
alpha-Ketoglutaric acid,(4s2-) - 4s2M,Female,0.043854589905134786,0.16143225893575544,15,0.27165939567622244,0.7895872158669837,(4s2-),4s2M,(4s2-) > 4s2M,0.918046738637436
alpha-Ketoglutaric acid,(4s2-) - 4s2M,Male,-0.15012013077874392,0.21355480536369678,15,-0.7029583367280368,0.4928484661693836,(4s2-),4s2M,4s2M > (4s2-),0.8026389306187104
Aniline,(4s2-) - 4s2M,Female,-0.03440361312825331,0.1332128094648629,15,-0.258260547663983,0.7997157950146458,(4s2-),4s2M,4s2M > (4s2-),0.918046738637436
Aniline,(4s2-) - 4s2M,Male,0.16538069653593884,0.1762239826461293,15,0.9384687262915595,0.36287025753460733,(4s2-),4s2M,(4s2-) > 4s2M,0.7309593321564277
Anserine,(4s2-) - 4s2M,Female,-0.4384076241909893,0.5639134707670133,15,-0.7774377575954768,0.4489889986158516,(4s2-),4s2M,4s2M > (4s2-),0.8026389306187104
Anserine,(4s2-) - 4s2M,Male,0.6257723716228416,0.7459874023044045,15,0.8388511249516939,0.4147216539324807,(4s2-),4s2M,(4s2-) > 4s2M,0.7750535827590623
Benzaldehyde,(4s2-) - 4s2M,Female,0.1469182827981262,0.1299053340594708,15,1.1309642045250186,0.27582909815201223,(4s2-),4s2M,(4s2-) > 4s2M,0.6483405606047298
Benzaldehyde,(4s2-) - 4s2M,Male,0.04334281291635594,0.17184860395106427,15,0.2522151005003117,0.8042980385700425,(4s2-),4s2M,(4s2-) > 4s2M,0.918046738637436
Benzoic acid,(4s2-) - 4s2M,Female,0.02570152123822811,0.23234833949011022,15,0.11061633276411721,0.9133870664630876,(4s2-),4s2M,(4s2-) > 4s2M,0.9634571679995177
Benzoic acid,(4s2-) - 4s2M,Male,0.4295751345928695,0.3073679619148199,15,1.3975924228300558,0.18256451806262514,(4s2-),4s2M,(4s2-) > 4s2M,0.5532496980743984
Benzylamine,(4s2-) - 4s2M,Female,0.08514344650374527,0.259766886181367,15,0.3277686688837577,0.7476167772722807,(4s2-),4s2M,(4s2-) > 4s2M,0.918046738637436
Benzylamine,(4s2-) - 4s2M,Male,-0.1152768213161386,0.343639289842759,15,-0.3354587927616964,0.7419248243809531,(4s2-),4s2M,4s2M > (4s2-),0.918046738637436
beta-Alanine,(4s2-) - 4s2M,Female,-0.21367694893084466,0.1727391355991759,15,-1.2369921164052882,0.2351069070685728,(4s2-),4s2M,4s2M > (4s2-),0.6032040239485181
beta-Alanine,(4s2-) - 4s2M,Male,0.2824437394663444,0.22851239724184189,15,1.2360105748110692,0.23546121987464086,(4s2-),4s2M,(4s2-) > 4s2M,0.6032040239485181
Betaine,(4s2-) - 4s2M,Female,-0.03975583597633952,0.20507998746972905,15,-0.19385526821434831,0.8488900005178794,(4s2-),4s2M,4s2M > (4s2-),0.9260618187467775
Betaine,(4s2-) - 4s2M,Male,-0.12934806945126948,0.27129532286057273,15,-0.47677957764773393,0.6403905233028188,(4s2-),4s2M,4s2M > (4s2-),0.8688178310590188
CDP-ethanolamine,(4s2-) - 4s2M,Female,-0.9297336325319532,0.5368421731393558,15,-1.7318565475119798,0.10380637265219614,(4s2-),4s2M,4s2M > (4s2-),0.49308027009793165
CDP-ethanolamine,(4s2-) - 4s2M,Male,0.34509388328994844,0.7101754417091073,15,0.4859276497360229,0.6340404559264504,(4s2-),4s2M,(4s2-) > 4s2M,0.8688178310590188
Cinnamaldehyde,(4s2-) - 4s2M,Female,-0.30822783805305126,0.2162626594536005,15,-1.4252476078478173,0.174561560774324,(4s2-),4s2M,4s2M > (4s2-),0.5527782757853593
Cinnamaldehyde,(4s2-) - 4s2M,Male,-0.16400064917927476,0.28608860739183933,15,-0.5732512408459955,0.5749687504820091,(4s2-),4s2M,4s2M > (4s2-),0.8387869694988654
cis-Aconitic acid,(4s2-) - 4s2M,Female,-0.06837135334607407,0.17918697803793368,15,-0.3815642972203032,0.7081353390272997,(4s2-),4s2M,4s2M > (4s2-),0.9173571437399111
cis-Aconitic acid,(4s2-) - 4s2M,Male,0.14682374973012335,0.23704209103478252,15,0.6193994876149616,0.5449471528874782,(4s2-),4s2M,(4s2-) > 4s2M,0.8335199898736251
Citric acid,(4s2-) - 4s2M,Female,-0.21568989525969662,0.3195780068343677,15,-0.6749209602883759,0.509996094450845,(4s2-),4s2M,4s2M > (4s2-),0.818866968554878
Citric acid,(4s2-) - 4s2M,Male,-0.18019277706847764,0.4227619652847186,15,-0.4262275035719515,0.6759953955063294,(4s2-),4s2M,4s2M > (4s2-),0.8932229371112329
Creatinine,(4s2-) - 4s2M,Female,-0.06980869928513994,0.06221122833942877,15,-1.1221237893625704,0.27945154420013046,(4s2-),4s2M,4s2M > (4s2-),0.6501525722207117
Creatinine,(4s2-) - 4s2M,Male,-0.02495454193872932,0.08229771947099115,15,-0.3032227636335107,0.765885026445115,(4s2-),4s2M,4s2M > (4s2-),0.918046738637436
Cytidine diphosphate choline (CDPcholine),(4s2-) - 4s2M,Female,-0.7896729418738094,0.590898602607746,15,-1.3363933141639448,0.2013403662396053,(4s2-),4s2M,4s2M > (4s2-),0.5532496980743984
Cytidine diphosphate choline (CDPcholine),(4s2-) - 4s2M,Male,1.1612122841586252,0.7816853762778392,15,1.4855238685518002,0.15811766254185983,(4s2-),4s2M,(4s2-) > 4s2M,0.546224652417334
Dihydrouracil,(4s2-) - 4s2M,Female,0.3473581461700772,0.32247657978494715,15,1.0771577470888678,0.29842906672015834,(4s2-),4s2M,(4s2-) > 4s2M,0.654272386768379
Dihydrouracil,(4s2-) - 4s2M,Male,0.2121296422282658,0.42659641687682454,15,0.4972607219284641,0.6262147436223127,(4s2-),4s2M,(4s2-) > 4s2M,0.8653149184599229
Ergocalciferol (Vitamin D2),(4s2-) - 4s2M,Female,-0.27674363084381337,0.18310927598029111,15,-1.5113577909269902,0.1514760799264505,(4s2-),4s2M,4s2M > (4s2-),0.546224652417334
Ergocalciferol (Vitamin D2),(4s2-) - 4s2M,Male,0.060390201826258386,0.2422308034964716,15,0.24930851466683115,0.8065037858682942,(4s2-),4s2M,(4s2-) > 4s2M,0.918046738637436
Glucose,(4s2-) - 4s2M,Female,-0.292664933296727,0.14130504718883444,15,-2.07115696940125,0.05600737167086177,(4s2-),4s2M,4s2M > (4s2-),0.3990525231548901
Glucose,(4s2-) - 4s2M,Male,0.34988945091630735,0.1869290069299513,15,1.8717771878359304,0.08086827196033383,(4s2-),4s2M,(4s2-) > 4s2M,0.43205316643143804
Glucuronic acid,(4s2-) - 4s2M,Female,-0.39367278989871013,0.30696128674569967,15,-1.2824835146877858,0.21913846539911908,(4s2-),4s2M,4s2M > (4s2-),0.5809717454767342
Glucuronic acid,(4s2-) - 4s2M,Male,0.1405162847325422,0.40607161342675435,15,0.34603818658180596,0.7341197702190869,(4s2-),4s2M,(4s2-) > 4s2M,0.918046738637436
Glutamic acid,(4s2-) - 4s2M,Female,0.012502469442185013,0.14121930494489848,15,0.0885322969622551,0.9306248133674816,(4s2-),4s2M,(4s2-) > 4s2M,0.9663986980647287
Glutamic acid,(4s2-) - 4s2M,Male,-0.234538141273409,0.18681558060279774,15,-1.2554527867355865,0.22852032204944492,(4s2-),4s2M,4s2M > (4s2-),0.5988808439916488
Glutaric acid,(4s2-) - 4s2M,Female,-0.2055600264505184,0.19407580393707943,15,-1.059173901539845,0.3062792998898637,(4s2-),4s2M,4s2M > (4s2-),0.6650636226179897
Glutaric acid,(4s2-) - 4s2M,Male,0.15914625304483893,0.2567381563562212,15,0.619877681227972,0.5446406054634833,(4s2-),4s2M,(4s2-) > 4s2M,0.8335199898736251
Glutarylcarnitine,(4s2-) - 4s2M,Female,0.09388005248259063,0.3720624555222883,15,0.2523233696095595,0.8042159084573912,(4s2-),4s2M,(4s2-) > 4s2M,0.918046738637436
Glutarylcarnitine,(4s2-) - 4s2M,Male,1.0448514507430735,0.4921923647480026,15,2.122851806687466,0.05081872403547,(4s2-),4s2M,(4s2-) > 4s2M,0.3990525231548901
"Glutathione (oxidized, GSSG)",(4s2-) - 4s2M,Female,-0.5019855998699786,0.37339298446598135,15,-1.3443894790575877,0.19880209053667391,(4s2-),4s2M,4s2M > (4s2-),0.5532496980743984
"Glutathione (oxidized, GSSG)",(4s2-) - 4s2M,Male,0.6603624188435534,0.4939524890965953,15,1.3368946071135512,0.2011804754834661,(4s2-),4s2M,(4s2-) > 4s2M,0.5532496980743984
Glycerol 1-phosphate,(4s2-) - 4s2M,Female,-0.3206478600666317,0.36583058626980874,15,-0.8764927594931778,0.3945827953887353,(4s2-),4s2M,4s2M > (4s2-),0.749707311238597
Glycerol 1-phosphate,(4s2-) - 4s2M,Male,1.2015575607503601,0.4839483766254372,15,2.482821761132454,0.025350261470248568,(4s2-),4s2M,(4s2-) > 4s2M,0.32100641770105093
Glycerol 2-phosphate,(4s2-) - 4s2M,Female,-0.06808208614332212,0.38396651896739453,15,-0.17731255924713446,0.8616350178923976,(4s2-),4s2M,4s2M > (4s2-),0.9310558487178515
Glycerol 2-phosphate,(4s2-) - 4s2M,Male,1.2763183155516766,0.5079399604814456,15,2.512734604188124,0.0238971740900645,(4s2-),4s2M,(4s2-) > 4s2M,0.32100641770105093
Glycerol,(4s2-) - 4s2M,Female,-0.03945444383587568,0.12290024852134733,15,-0.321028185952143,0.7526183632627715,(4s2-),4s2M,4s2M > (4s2-),0.918046738637436
Glycerol,(4s2-) - 4s2M,Male,0.24559058500042527,0.1625817468277594,15,1.51056677512886,0.15167591326627047,(4s2-),4s2M,(4s2-) > 4s2M,0.546224652417334
Glycerophosphocholine,(4s2-) - 4s2M,Female,-0.5555905820892993,0.2935803522691472,15,-1.8924651387431666,0.0778908034985312,(4s2-),4s2M,4s2M > (4s2-),0.43205316643143804
Glycerophosphocholine,(4s2-) - 4s2M,Male,0.45621367048151973,0.38837030095945035,15,1.1746873263853224,0.25843163626179255,(4s2-),4s2M,(4s2-) > 4s2M,0.6335743340611688
Guanidineacetic acid,(4s2-) - 4s2M,Female,-0.15793691708106383,0.17154334458207351,15,-0.9206822769244785,0.3717868832837571,(4s2-),4s2M,4s2M > (4s2-),0.7309593321564277
Guanidineacetic acid,(4s2-) - 4s2M,Male,0.10580679566932892,0.22693051441621295,15,0.4662519535617357,0.6477342691451328,(4s2-),4s2M,(4s2-) > 4s2M,0.8688178310590188
Guanidinosuccinic acid,(4s2-) - 4s2M,Female,-0.271121399817314,0.1721641722381681,15,-1.5747840929543149,0.13615839391157952,(4s2-),4s2M,4s2M > (4s2-),0.546224652417334
Guanidinosuccinic acid,(4s2-) - 4s2M,Male,-0.01794735349090895,0.22775179220874167,15,-0.07880224922427674,0.9382315656995179,(4s2-),4s2M,4s2M > (4s2-),0.9679493075995028
Guanine,(4s2-) - 4s2M,Female,-0.010110485193008556,0.2467853645870693,15,-0.04096873900900001,0.9678611611814656,(4s2-),4s2M,4s2M > (4s2-),0.9749127425527944
Guanine,(4s2-) - 4s2M,Male,0.8235458587099793,0.32646635095389587,15,2.522605641603419,0.023435358958980704,(4s2-),4s2M,(4s2-) > 4s2M,0.32100641770105093
Guanosine 5-monophosphate,(4s2-) - 4s2M,Female,-0.4457298635080607,0.3932384625558277,15,-1.1334849104308582,0.27480270944883567,(4s2-),4s2M,4s2M > (4s2-),0.6483405606047298
Guanosine 5-monophosphate,(4s2-) - 4s2M,Male,1.0655519682791459,0.5202055889340526,15,2.048328566524163,0.05844988418817774,(4s2-),4s2M,(4s2-) > 4s2M,0.40261429064185805
Hydrocortisone 21-acetate,(4s2-) - 4s2M,Female,0.031338105371491336,0.13037170529481487,15,0.24037505147781257,0.8132937579882324,(4s2-),4s2M,(4s2-) > 4s2M,0.918046738637436
Hydrocortisone 21-acetate,(4s2-) - 4s2M,Male,0.055990777720060315,0.17246555510474143,15,0.32464904476755435,0.7499301663509583,(4s2-),4s2M,(4s2-) > 4s2M,0.918046738637436
Hypoxanthine,(4s2-) - 4s2M,Female,-0.07583118155628676,0.2666371169033234,15,-0.2843984454864228,0.7799935894170097,(4s2-),4s2M,4s2M > (4s2-),0.918046738637436
Hypoxanthine,(4s2-) - 4s2M,Male,0.9394176335347769,0.3527277508127253,15,2.6632938048402788,0.017714267691803127,(4s2-),4s2M,(4s2-) > 4s2M,0.32100641770105093
Inosine 5-monophosphate (IMP),(4s2-) - 4s2M,Female,-0.16373392396515446,0.7044712115993016,14,-0.23242102909137072,0.81957432225893,(4s2-),4s2M,4s2M > (4s2-),0.918046738637436
Inosine 5-monophosphate (IMP),(4s2-) - 4s2M,Male,0.9804528566188817,0.8885583082884775,14,1.1034198290345285,0.28845076008912013,(4s2-),4s2M,(4s2-) > 4s2M,0.6511561712902909
Leucine,(4s2-) - 4s2M,Female,-0.1652141220641229,0.18394327434116195,15,-0.8981797385953788,0.3832807233922637,(4s2-),4s2M,4s2M > (4s2-),0.7469060250721036
Leucine,(4s2-) - 4s2M,Male,-0.11472765926437895,0.24333407962482148,15,-0.471482085210871,0.644081101393285,(4s2-),4s2M,4s2M > (4s2-),0.8688178310590188
Lumichrome,(4s2-) - 4s2M,Female,-0.010149288338007934,0.2440556564620026,15,-0.04158595824058719,0.9673772652471881,(4s2-),4s2M,4s2M > (4s2-),0.9749127425527944
Lumichrome,(4s2-) - 4s2M,Male,-0.09167756651804163,0.3228552865285364,15,-0.2839586971109995,0.7803241539257298,(4s2-),4s2M,4s2M > (4s2-),0.918046738637436
Mannose,(4s2-) - 4s2M,Female,-0.2763820877166001,0.1451169108411123,15,-1.9045477616265503,0.07619766520801842,(4s2-),4s2M,4s2M > (4s2-),0.43205316643143804
Mannose,(4s2-) - 4s2M,Male,0.35756677581399676,0.19197162855775812,15,1.8626021902315444,0.0822210547725342,(4s2-),4s2M,(4s2-) > 4s2M,0.43205316643143804
"N,N-Dimethyl-1,4-phenylenediamine",(4s2-) - 4s2M,Female,0.10596367716222584,0.16918279401997258,15,0.6263265586553469,0.5405157793670468,(4s2-),4s2M,(4s2-) > 4s2M,0.8335199898736251
"N,N-Dimethyl-1,4-phenylenediamine",(4s2-) - 4s2M,Male,0.11130019560853262,0.22380779954395652,15,0.4973025776372594,0.6261859264833207,(4s2-),4s2M,(4s2-) > 4s2M,0.8653149184599229
N-Acetylaspartic acid,(4s2-) - 4s2M,Female,-0.3050788619477974,0.16496793439879173,15,-1.8493221913678266,0.08421488735893994,(4s2-),4s2M,4s2M > (4s2-),0.43205316643143804
N-Acetylaspartic acid,(4s2-) - 4s2M,Male,0.03721405274143125,0.21823206435961032,15,0.17052513731487526,0.8668759930369494,(4s2-),4s2M,(4s2-) > 4s2M,0.932300596285021
N-Acetylglucosamine,(4s2-) - 4s2M,Female,-0.21191234498281764,0.22424996367558897,15,-0.9449827393924597,0.35964188179361467,(4s2-),4s2M,4s2M > (4s2-),0.7309593321564277
N-Acetylglucosamine,(4s2-) - 4s2M,Male,0.9035081348015085,0.29665481770043817,15,3.045654683126941,0.008175602708486222,(4s2-),4s2M,(4s2-) > 4s2M,0.32100641770105093
N-Acetylglutamic acid,(4s2-) - 4s2M,Female,-0.15546550717249802,0.21300603909067978,15,-0.7298643166934534,0.47671753929776195,(4s2-),4s2M,4s2M > (4s2-),0.8026389306187104
N-Acetylglutamic acid,(4s2-) - 4s2M,Male,-0.10279308233886277,0.2817805035944208,15,-0.36479841943506996,0.7203539225820763,(4s2-),4s2M,4s2M > (4s2-),0.918046738637436
N-Acetylphenylalanine,(4s2-) - 4s2M,Female,0.1415621396546552,0.3266404087216995,15,0.4333883251268748,0.6709004257234459,(4s2-),4s2M,(4s2-) > 4s2M,0.8932229371112329
N-Acetylphenylalanine,(4s2-) - 4s2M,Male,0.5940088951158373,0.4321046448110552,15,1.3746875953522262,0.1894176098152089,(4s2-),4s2M,(4s2-) > 4s2M,0.5532496980743984
N-Acetylproline,(4s2-) - 4s2M,Female,-0.13668032092205856,0.1470744218905156,14,-0.9293276095540627,0.3684667024497579,(4s2-),4s2M,4s2M > (4s2-),0.7309593321564277
N-Acetylproline,(4s2-) - 4s2M,Male,-0.11414675446986501,0.18550679907964024,14,-0.6153238319899017,0.548213513925345,(4s2-),4s2M,4s2M > (4s2-),0.8335199898736251
N-Acetylserine,(4s2-) - 4s2M,Female,-0.03219371275841962,0.27627789986969903,15,-0.11652655812717247,0.9087810633940514,(4s2-),4s2M,4s2M > (4s2-),0.9634571679995177
N-Acetylserine,(4s2-) - 4s2M,Male,-0.4425899305497215,0.36548130789921396,15,-1.2109782935103517,0.24463857950575352,(4s2-),4s2M,4s2M > (4s2-),0.6129406167836462
N-Acetylserotonin,(4s2-) - 4s2M,Female,-0.47067461900109475,0.17207037055614427,15,-2.7353612215737044,0.01533089938567975,(4s2-),4s2M,4s2M > (4s2-),0.32100641770105093
N-Acetylserotonin,(4s2-) - 4s2M,Male,0.047498090443331614,0.22762770424714435,15,0.20866568329380975,0.8375163229674855,(4s2-),4s2M,(4s2-) > 4s2M,0.918046738637436
Nicotinamide adenine dinucleotide (NAD),(4s2-) - 4s2M,Female,-0.2522406827405574,0.36770552295322656,15,-0.6859855699601316,0.5031881111812294,(4s2-),4s2M,4s2M > (4s2-),0.813665881910073
Nicotinamide adenine dinucleotide (NAD),(4s2-) - 4s2M,Male,0.562187149792295,0.4864286847195951,15,1.155744238472226,0.2658636639316394,(4s2-),4s2M,(4s2-) > 4s2M,0.6448608018767424
Nicotinamide,(4s2-) - 4s2M,Female,-0.18810310508922765,0.3091765488247962,15,-0.6084003001010975,0.5520242038198131,(4s2-),4s2M,4s2M > (4s2-),0.8335199898736251
Nicotinamide,(4s2-) - 4s2M,Male,0.16664373054007395,0.40900212970181504,15,0.4074397623835513,0.6894404630703479,(4s2-),4s2M,(4s2-) > 4s2M,0.898242431885939
N-Methylaspartic acid,(4s2-) - 4s2M,Female,0.2011207087107717,0.3772146613152996,15,0.5331730956837397,0.6017247881874292,(4s2-),4s2M,(4s2-) > 4s2M,0.8521319981784713
N-Methylaspartic acid,(4s2-) - 4s2M,Male,-0.9904435249164535,0.49900809236386984,15,-1.984824575137823,0.06576513924844062,(4s2-),4s2M,4s2M > (4s2-),0.4188202881593362
N-Methylglutamic acid,(4s2-) - 4s2M,Female,-0.3047490773879531,0.20511161053390017,15,-1.4857719492070645,0.15805274551375742,(4s2-),4s2M,4s2M > (4s2-),0.546224652417334
N-Methylglutamic acid,(4s2-) - 4s2M,Male,0.20978781643284158,0.27133715624231813,15,0.773162877278371,0.45143874663378214,(4s2-),4s2M,(4s2-) > 4s2M,0.8026389306187104
Norleucine,(4s2-) - 4s2M,Female,0.14429963280849575,0.23521407849165188,15,0.6134821254486141,0.5487482983741865,(4s2-),4s2M,(4s2-) > 4s2M,0.8335199898736251
Norleucine,(4s2-) - 4s2M,Male,-0.520575866319221,0.3111589782750688,15,-1.673022161227901,0.11504417596302081,(4s2-),4s2M,4s2M > (4s2-),0.5246014423913749
Norvaline,(4s2-) - 4s2M,Female,-0.15360282930900349,0.20922822821435802,15,-0.7341400853026135,0.47418371655563807,(4s2-),4s2M,4s2M > (4s2-),0.8026389306187104
Norvaline,(4s2-) - 4s2M,Male,0.7650758602997934,0.27678292955492956,15,2.7641728539041224,0.014467606332937739,(4s2-),4s2M,(4s2-) > 4s2M,0.32100641770105093
O-Acetylserine,(4s2-) - 4s2M,Female,-0.35575998791967245,0.13765405264716157,15,-2.5844497933639894,0.020730494414102938,(4s2-),4s2M,4s2M > (4s2-),0.32100641770105093
O-Acetylserine,(4s2-) - 4s2M,Male,0.012530909349596803,0.18209919513229098,15,0.06881364489553828,0.9460469166296464,(4s2-),4s2M,(4s2-) > 4s2M,0.9716157522142314
Ophthalmic acid,(4s2-) - 4s2M,Female,0.0035149524135219823,0.07035688846730195,15,0.04995889514294738,0.9608143260922777,(4s2-),4s2M,(4s2-) > 4s2M,0.9749127425527944
Ophthalmic acid,(4s2-) - 4s2M,Male,-0.15113403005006276,0.09307341495239468,15,-1.6238152444214602,0.1252384385666861,(4s2-),4s2M,4s2M > (4s2-),0.546224652417334
Oxalic acid,(4s2-) - 4s2M,Female,0.26750357475653497,0.22755803180131834,15,1.1755400265989873,0.2581008608673183,(4s2-),4s2M,(4s2-) > 4s2M,0.6335743340611688
Oxalic acid,(4s2-) - 4s2M,Male,-0.16749171979677044,0.3010309804908079,15,-0.5563936293988349,0.5861471865783332,(4s2-),4s2M,4s2M > (4s2-),0.8405129467915721
Palmitic acid,(4s2-) - 4s2M,Female,-0.9515965962949605,0.3169445522788295,15,-3.0024071701279813,0.008928863297834808,(4s2-),4s2M,4s2M > (4s2-),0.32100641770105093
Palmitic acid,(4s2-) - 4s2M,Male,0.1753752113411554,0.41927823236324646,15,0.41827883683028194,0.6816701362164672,(4s2-),4s2M,(4s2-) > 4s2M,0.8932229371112329
Phosphocholine,(4s2-) - 4s2M,Female,-0.5048465914612479,0.3601290477643231,15,-1.4018491276816731,0.1813134974512743,(4s2-),4s2M,4s2M > (4s2-),0.5532496980743984
Phosphocholine,(4s2-) - 4s2M,Male,0.7837946805939118,0.47640595013745024,15,1.6452243729696812,0.12071122120805816,(4s2-),4s2M,(4s2-) > 4s2M,0.5396501654007306
Pipecolic acid,(4s2-) - 4s2M,Female,-0.8853337938381834,0.34562623301922907,15,-2.5615352923426027,0.02169584959981137,(4s2-),4s2M,4s2M > (4s2-),0.32100641770105093
Pipecolic acid,(4s2-) - 4s2M,Male,0.46131359442694564,0.45722052957447057,15,1.0089520583344855,0.32899709402888244,(4s2-),4s2M,(4s2-) > 4s2M,0.6945494207276407
Pterin,(4s2-) - 4s2M,Female,-0.22978399660663015,0.11702132980651622,15,-1.9636078054022836,0.06838872297009485,(4s2-),4s2M,4s2M > (4s2-),0.4214224010049088
Pterin,(4s2-) - 4s2M,Male,-0.15425415075313578,0.1548046683790561,15,-0.9964437918333812,0.33483829009297295,(4s2-),4s2M,4s2M > (4s2-),0.7003956893687874
Pyrazole,(4s2-) - 4s2M,Female,-0.3504677460513914,0.1680079892749148,15,-2.0860183349847374,0.05446796176666176,(4s2-),4s2M,4s2M > (4s2-),0.3990525231548901
Pyrazole,(4s2-) - 4s2M,Male,-0.050626367573066405,0.2222536789467158,15,-0.2277864097142969,0.8228880904483034,(4s2-),4s2M,4s2M > (4s2-),0.918046738637436
Pyridoxine,(4s2-) - 4s2M,Female,-0.3206321760720695,0.22215312139580212,15,-1.4432935898335222,0.1694965997934027,(4s2-),4s2M,4s2M > (4s2-),0.5527782757853593
Pyridoxine,(4s2-) - 4s2M,Male,-0.04012616933528018,0.29388095609501735,15,-0.13653885528501758,0.893211010681544,(4s2-),4s2M,4s2M > (4s2-),0.9561131945323569
Pyruvic acid,(4s2-) - 4s2M,Female,-0.18753737600010031,0.2033560395715229,15,-0.9222119805010317,0.37101417534223535,(4s2-),4s2M,4s2M > (4s2-),0.7309593321564277
Pyruvic acid,(4s2-) - 4s2M,Male,-0.5645677141536599,0.2690147541546298,15,-2.09864962956324,0.0531902125577384,(4s2-),4s2M,4s2M > (4s2-),0.3990525231548901
Riboflavin,(4s2-) - 4s2M,Female,0.1349565333238712,0.23593418816914719,15,0.5720092300786753,0.5757885356959901,(4s2-),4s2M,(4s2-) > 4s2M,0.8387869694988654
Riboflavin,(4s2-) - 4s2M,Male,0.7663909908344819,0.31211159383674053,15,2.4555031148101665,0.02675053480842091,(4s2-),4s2M,(4s2-) > 4s2M,0.32100641770105093
Sarcosine,(4s2-) - 4s2M,Female,-0.22332166695405867,0.17308087921980275,15,-1.2902734719209106,0.2164920129654865,(4s2-),4s2M,4s2M > (4s2-),0.5807079877191873
Sarcosine,(4s2-) - 4s2M,Male,-0.074539663367755,0.22896448155800261,15,-0.3255512071590553,0.7492609025011863,(4s2-),4s2M,4s2M > (4s2-),0.918046738637436
Succinic acid,(4s2-) - 4s2M,Female,-0.08454396096755334,0.11691661191480651,15,-0.7231133333658171,0.48073477794408903,(4s2-),4s2M,4s2M > (4s2-),0.8026389306187104
Succinic acid,(4s2-) - 4s2M,Male,0.27268868514875333,0.15466613962941464,15,1.76307940317205,0.0982419161347058,(4s2-),4s2M,(4s2-) > 4s2M,0.4765778059300622
Theobromine,(4s2-) - 4s2M,Female,-0.45557402243138373,0.2857749490663921,15,-1.5941706014460468,0.13174731642789445,(4s2-),4s2M,4s2M > (4s2-),0.546224652417334
Theobromine,(4s2-) - 4s2M,Male,-0.2848452630786133,0.37804472308091186,15,-0.7534697502381185,0.46283123577158203,(4s2-),4s2M,4s2M > (4s2-),0.8026389306187104
Thiamine pyrophosphate,(4s2-) - 4s2M,Female,-0.45986202650113467,0.3042791898968737,15,-1.5113160602832916,0.15148661676308744,(4s2-),4s2M,4s2M > (4s2-),0.546224652417334
Thiamine pyrophosphate,(4s2-) - 4s2M,Male,1.21477219340209,0.40252353279966263,15,3.017891115466003,0.008651642090815233,(4s2-),4s2M,(4s2-) > 4s2M,0.32100641770105093
Thiourea,(4s2-) - 4s2M,Female,-0.3596597430403695,0.345687930775995,15,-1.0404174141486826,0.31462641343285114,(4s2-),4s2M,4s2M > (4s2-),0.675985899650941
Thiourea,(4s2-) - 4s2M,Male,0.6110467719817094,0.4573021480348972,15,1.3361992166611905,0.20140230236918888,(4s2-),4s2M,(4s2-) > 4s2M,0.5532496980743984
Thymidine,(4s2-) - 4s2M,Female,0.41071773084744323,0.46742405140878907,15,0.8786833488982086,0.3934311753140043,(4s2-),4s2M,(4s2-) > 4s2M,0.749707311238597
Thymidine,(4s2-) - 4s2M,Male,0.9004361239071081,0.6183438984189633,15,1.4562060468445202,0.16594748436733717,(4s2-),4s2M,(4s2-) > 4s2M,0.5527782757853593
Thymine,(4s2-) - 4s2M,Female,-0.09385425490023745,0.15681329414640283,15,-0.5985095550165151,0.5584303241882398,(4s2-),4s2M,4s2M > (4s2-),0.8353857960729407
Thymine,(4s2-) - 4s2M,Male,0.04912971198308806,0.2074444892901013,15,0.23683305423641543,0.8159902139501654,(4s2-),4s2M,(4s2-) > 4s2M,0.918046738637436
Thyrotropin releasing hormone,(4s2-) - 4s2M,Female,-0.2006436755199455,0.3094997777207944,15,-0.6482837467526389,0.5266017011836885,(4s2-),4s2M,4s2M > (4s2-),0.8335199898736251
Thyrotropin releasing hormone,(4s2-) - 4s2M,Male,0.09154082954335185,0.40942972133949557,15,0.22358130045827082,0.8260995818537389,(4s2-),4s2M,(4s2-) > 4s2M,0.918046738637436
trans-Aconitic acid,(4s2-) - 4s2M,Female,-0.18950623082982265,0.24367175554090256,15,-0.7777111073425671,0.44883263709758014,(4s2-),4s2M,4s2M > (4s2-),0.8026389306187104
trans-Aconitic acid,(4s2-) - 4s2M,Male,0.012065031307476895,0.32234743334587673,15,0.0374286563483544,0.9706368094714224,(4s2-),4s2M,(4s2-) > 4s2M,0.9749127425527944
Trigonelline,(4s2-) - 4s2M,Female,-0.4116456821596202,0.18903177625446432,15,-2.1776533571026975,0.04580515910614164,(4s2-),4s2M,4s2M > (4s2-),0.39248717888119244
Trigonelline,(4s2-) - 4s2M,Male,0.12999400068013028,0.2500655349290587,15,0.5198397320806659,0.6107617514882526,(4s2-),4s2M,(4s2-) > 4s2M,0.8543594630561144
Trimethyllysine,(4s2-) - 4s2M,Female,-0.5118699288040025,0.371117125124475,15,-1.37926787569374,0.18803071179505992,(4s2-),4s2M,4s2M > (4s2-),0.5532496980743984
Trimethyllysine,(4s2-) - 4s2M,Male,0.5288093188388663,0.49094181017830074,15,1.0771323767409682,0.29844003606978686,(4s2-),4s2M,(4s2-) > 4s2M,0.654272386768379
Tyramine,(4s2-) - 4s2M,Female,-0.44152190048003165,0.2319123179898837,15,-1.9038311733803261,0.07629715116697373,(4s2-),4s2M,4s2M > (4s2-),0.43205316643143804
Tyramine,(4s2-) - 4s2M,Male,-0.3318368201820285,0.3067911596868816,15,-1.0816374908609137,0.29649681585540355,(4s2-),4s2M,4s2M > (4s2-),0.654272386768379
Uracil,(4s2-) - 4s2M,Female,0.022172116481860682,0.2573791939738988,15,0.08614572195804292,0.9324899718168435,(4s2-),4s2M,(4s2-) > 4s2M,0.9663986980647287
Uracil,(4s2-) - 4s2M,Male,0.8696174684198931,0.34048066994859516,15,2.5540876330840914,0.02201877912471094,(4s2-),4s2M,(4s2-) > 4s2M,0.32100641770105093
Urea,(4s2-) - 4s2M,Female,-0.1467722267776238,0.06589097789897798,15,-2.2275011155950737,0.04164714206865309,(4s2-),4s2M,4s2M > (4s2-),0.3871586104284704
Urea,(4s2-) - 4s2M,Male,-0.12447724079666794,0.08716557058177449,15,-1.4280551365161944,0.17376548147953738,(4s2-),4s2M,4s2M > (4s2-),0.5527782757853593
Uridine 5-monophosphate (UMP),(4s2-) - 4s2M,Female,-0.6982817889085655,0.46871668484997125,15,-1.4897736980113572,0.15700864959798688,(4s2-),4s2M,4s2M > (4s2-),0.546224652417334
Uridine 5-monophosphate (UMP),(4s2-) - 4s2M,Male,0.20640142714665777,0.6200538917298302,15,0.33287659330842645,0.7438343595434039,(4s2-),4s2M,(4s2-) > 4s2M,0.918046738637436
Uridine,(4s2-) - 4s2M,Female,-0.08431996269007347,0.2012228437016648,15,-0.41903772523504923,0.6811274826884091,(4s2-),4s2M,4s2M > (4s2-),0.8932229371112329
Uridine,(4s2-) - 4s2M,Male,0.7393861683557879,0.2661928012699124,15,2.777633973677861,0.014080610191982559,(4s2-),4s2M,(4s2-) > 4s2M,0.32100641770105093
Valine,(4s2-) - 4s2M,Female,-0.15120798874953434,0.2118439024814929,15,-0.7137707858395602,0.4863275628789774,(4s2-),4s2M,4s2M > (4s2-),0.8026389306187104
Valine,(4s2-) - 4s2M,Male,0.7688859385610203,0.28024314136572465,15,2.7436387374690607,0.01507789321521816,(4s2-),4s2M,(4s2-) > 4s2M,0.32100641770105093
Vanillin,(4s2-) - 4s2M,Female,-0.23112399413459936,0.15313091788567657,15,-1.5093228547558915,0.15199061079992351,(4s2-),4s2M,4s2M > (4s2-),0.546224652417334
Vanillin,(4s2-) - 4s2M,Male,-0.22431707836063589,0.2025731633802765,15,-1.1073385764309809,0.28558939612193274,(4s2-),4s2M,4s2M > (4s2-),0.6511438231580066
Xanthine,(4s2-) - 4s2M,Female,-0.02525524785648043,0.19477566790322942,15,-0.12966325890884903,0.8985556159577913,(4s2-),4s2M,4s2M > (4s2-),0.9573396282167121
Xanthine,(4s2-) - 4s2M,Male,0.14525449770445345,0.25766398935922535,15,0.5637361203080076,0.5812646543018454,(4s2-),4s2M,(4s2-) > 4s2M,0.8387869694988654
