Metabolite,term,df,sumsq,meansq,statistic,p.value,p_adj_BH,neglog10_p
"(R)-2,3-Dihydroxyisovalerate",Sex,1,1.3944462817177303,1.3944462817177303,7.86675632800835,0.013330692242395057,0.2035423013340822,1.8751472977544554
"(R)-2,3-Dihydroxyisovalerate",Genotype,1,0.1999782995183077,0.1999782995183077,1.128175802700764,0.3049671332112304,0.7550675670052133,0.5157469627323333
"(R)-2,3-Dihydroxyisovalerate",Sex:Genotype,1,0.5105562211666417,0.5105562211666417,2.8802983925053987,0.11031477468702826,0.3435594976454634,0.9573663177018122
"(R)-2,3-Dihydroxyisovalerate",Residuals,15,2.6588715035313033,0.1772581002354202,NA,NA,NA,NA
(R)-2-Pyrrolidone-5-carboxylic acid,Sex,1,0.06865096245248825,0.06865096245248825,0.6587728293536721,0.4296857787898156,0.763454052516438,0.3668490198215982
(R)-2-Pyrrolidone-5-carboxylic acid,Genotype,1,0.2621872557900511,0.2621872557900511,2.5159420079044588,0.13355224269138852,0.7473204712893272,0.8743488146413602
(R)-2-Pyrrolidone-5-carboxylic acid,Sex:Genotype,1,0.09142709434573582,0.09142709434573582,0.8773319917169271,0.3637701992036594,0.5755219815740574,0.4391728821046497
(R)-2-Pyrrolidone-5-carboxylic acid,Residuals,15,1.5631555991731396,0.10421037327820931,NA,NA,NA,NA
(S)-(5-Adenosyl)methionine,Sex,1,3.7993544937119204,3.7993544937119204,5.361920182796806,0.03514863442196342,0.21089180653178052,1.4540915433191628
(S)-(5-Adenosyl)methionine,Genotype,1,0.1067288344449242,0.1067288344449242,0.15062334731959062,0.7033927770760457,0.8673579487955341,0.15280209563255687
(S)-(5-Adenosyl)methionine,Sex:Genotype,1,1.2575124915228724,1.2575124915228724,1.7746913639079969,0.20268973858414466,0.4345012410379575,0.6931682374396398
(S)-(5-Adenosyl)methionine,Residuals,15,10.628714240940521,0.7085809493960348,NA,NA,NA,NA
"1,7-Dimethylxanthine",Sex,1,0.07115064717701292,0.07115064717701292,0.804494906626763,0.38392272519471415,0.7546067357275416,0.4157561803166594
"1,7-Dimethylxanthine",Genotype,1,0.025976118532138326,0.025976118532138326,0.29370997850585806,0.5958124500395968,0.8610727428674073,0.22489042605047488
"1,7-Dimethylxanthine",Sex:Genotype,1,0.008084492703089197,0.008084492703089197,0.09141073848724958,0.7665432188720219,0.873859269514105,0.11546335393616747
"1,7-Dimethylxanthine",Residuals,15,1.3266208385708744,0.08844138923805829,NA,NA,NA,NA
1-Aminocyclopropane-1-carboxylic acid,Sex,1,0.14969889844155304,0.14969889844155304,1.4156150461618175,0.2526185135313435,0.5722788139505776,0.597534824683807
1-Aminocyclopropane-1-carboxylic acid,Genotype,1,0.43483538477707717,0.43483538477707717,4.1119842544087035,0.06072881539151027,0.6612267265170964,1.21660519037337
1-Aminocyclopropane-1-carboxylic acid,Sex:Genotype,1,0.23891476081295338,0.23891476081295338,2.2592773472479255,0.15357589701915275,0.38060113609094376,0.8136769393368674
1-Aminocyclopropane-1-carboxylic acid,Residuals,15,1.586224646814482,0.10574830978763214,NA,NA,NA,NA
2-Aminoadipic acid,Sex,1,0.276257968834547,0.276257968834547,0.6236500977847407,0.44199971461477994,0.763454052516438,0.3545780110610129
2-Aminoadipic acid,Genotype,1,3.8884371304170884e-5,3.8884371304170884e-5,8.778114915001054e-5,0.9926480760293055,0.9926480760293055,0.003204694836236832
2-Aminoadipic acid,Sex:Genotype,1,1.5867968527933956,1.5867968527933956,3.5821808745788704,0.0778625218551456,0.3237053784756754,1.108671534216145
2-Aminoadipic acid,Residuals,15,6.644542424089389,0.4429694949392926,NA,NA,NA,NA
2-Aminobutyric acid,Sex,1,0.10863390410415685,0.10863390410415685,0.9935769692377664,0.3346787718735854,0.6987223556050114,0.4753718333564088
2-Aminobutyric acid,Genotype,1,0.0034606100911085402,0.0034606100911085402,0.031651099298986574,0.8611758997616504,0.9325138808165482,0.06490813252595604
2-Aminobutyric acid,Sex:Genotype,1,0.3789759712772933,0.3789759712772933,3.466153592294798,0.0823461050508297,0.3237053784756754,1.084356938023509
2-Aminobutyric acid,Residuals,15,1.6400426056699446,0.10933617371132964,NA,NA,NA,NA
2-Aminoisobutyric acid,Sex,1,0.8536525348273938,0.8536525348273938,6.988319764993748,0.018427537308323156,0.2035423013340822,1.7345327008563443
2-Aminoisobutyric acid,Genotype,1,2.934828237675102e-4,2.934828237675102e-4,0.0024025604497682016,0.9615533185561912,0.9787239135304089,0.017026628936971894
2-Aminoisobutyric acid,Sex:Genotype,1,0.1732528053765714,0.1732528053765714,1.418312433639664,0.2521866678140994,0.5054975253584476,0.5982778767154202
2-Aminoisobutyric acid,Residuals,15,1.8323128381379044,0.12215418920919362,NA,NA,NA,NA
2-Aminophenol,Sex,1,0.0017541527528864842,0.0017541527528864842,0.041033346296008105,0.8421955198620269,0.9057574458893497,0.07458707317979438
2-Aminophenol,Genotype,1,0.034022507576764616,0.034022507576764616,0.7958584752432245,0.38642224098344,0.7939692096219254,0.412937885210987
2-Aminophenol,Sex:Genotype,1,0.058265124539405466,0.058265124539405466,1.362944605748471,0.26125129919093293,0.5054975253584476,0.5829415411486402
2-Aminophenol,Residuals,15,0.6412416648519117,0.04274944432346078,NA,NA,NA,NA
2-Deoxyadenosine,Sex,1,0.022001327362179524,0.022001327362179524,0.36249489614496744,0.5561161213992722,0.847101644100047,0.25483451486149156
2-Deoxyadenosine,Genotype,1,0.009972399640540641,0.009972399640540641,0.1643057217642246,0.6909453439339392,0.8673579487955341,0.160556305399606
2-Deoxyadenosine,Sex:Genotype,1,0.24252852934407265,0.24252852934407265,3.995911365234198,0.06406618191523007,0.29950998603418005,1.1933711574277779
2-Deoxyadenosine,Residuals,15,0.9104125711626921,0.06069417141084614,NA,NA,NA,NA
2-Deoxyguanosine 5-monophosphate (dGMP),Sex,1,1.4604606778030682,1.4604606778030682,4.70503269641804,0.04655547966869621,0.24124203101051672,1.3320291943857745
2-Deoxyguanosine 5-monophosphate (dGMP),Genotype,1,0.2776907561517108,0.2776907561517108,0.8946109313619094,0.35921912410429,0.7885050905600411,0.44464055042378475
2-Deoxyguanosine 5-monophosphate (dGMP),Sex:Genotype,1,0.7931480296548177,0.7931480296548177,2.55521252255767,0.1307783499032009,0.36645545872129043,0.8834641466525287
2-Deoxyguanosine 5-monophosphate (dGMP),Residuals,15,4.656059071326718,0.31040393808844785,NA,NA,NA,NA
2-Deoxyuridine,Sex,1,0.25825380812640564,0.25825380812640564,0.6295126645727405,0.43990513753842686,0.763454052516438,0.35664096598048994
2-Deoxyuridine,Genotype,1,0.32493194353668464,0.32493194353668464,0.792045527090383,0.38753357613823614,0.7939692096219254,0.4116906639967735
2-Deoxyuridine,Sex:Genotype,1,0.7209714917734757,0.7209714917734757,1.757421074097604,0.20478270079718205,0.4345012410379575,0.6887067335636275
2-Deoxyuridine,Residuals,15,6.153660346969024,0.41024402313126823,NA,NA,NA,NA
2-Hydroxypyridine,Sex,1,0.12751842111156897,0.12751842111156897,1.2148293787098894,0.28774891550329645,0.6189316295731282,0.5409863045072811
2-Hydroxypyridine,Genotype,1,0.1132178847822145,0.1132178847822145,1.078592500047409,0.3154650199012757,0.7550675670052133,0.5010487901633629
2-Hydroxypyridine,Sex:Genotype,1,0.027505366126769015,0.027505366126769015,0.2620352930321795,0.6161786485180054,0.7804929547894734,0.2102933546907227
2-Hydroxypyridine,Residuals,15,1.5745226039107179,0.10496817359404785,NA,NA,NA,NA
2-Methylglutaric acid,Sex,1,0.0030332698538090286,0.0030332698538090286,0.06828581970047239,0.7974030797060948,0.8794164843028625,0.09832209135135195
2-Methylglutaric acid,Genotype,1,0.052453728728479754,0.052453728728479754,1.1808530184258266,0.2943369009556016,0.7550675670052133,0.5311552870788734
2-Methylglutaric acid,Sex:Genotype,1,0.03992179784421379,0.03992179784421379,0.8987306837488921,0.3581463385210373,0.5750518674844824,0.4459394844557643
2-Methylglutaric acid,Residuals,15,0.6663030187923581,0.04442020125282387,NA,NA,NA,NA
2-Oxoadipic acid,Sex,1,0.10917260782849847,0.10917260782849847,3.8249564005857155,0.06938425334986426,0.287879986360929,1.158739080830708
2-Oxoadipic acid,Genotype,1,0.07990968525272424,0.07990968525272424,2.799704689260068,0.11500232598943746,0.7473204712893272,0.9392933756971535
2-Oxoadipic acid,Sex:Genotype,1,0.07251703869771509,0.07251703869771509,2.540696946198086,0.13179538427695534,0.36645545872129043,0.880099799287912
2-Oxoadipic acid,Residuals,15,0.42813275392543376,0.028542183595028917,NA,NA,NA,NA
3-(2-Hydroxyethyl)indole (IEA),Sex,1,0.1660525813596463,0.1660525813596463,0.5438897836371522,0.47220495360279147,0.7916377163340916,0.32586946132532707
3-(2-Hydroxyethyl)indole (IEA),Genotype,1,0.4856417297903528,0.4856417297903528,1.5906743103786338,0.22649279852540902,0.7550675670052133,0.6449456020855742
3-(2-Hydroxyethyl)indole (IEA),Sex:Genotype,1,0.1202324854115151,0.1202324854115151,0.39381032165343816,0.5397396012921449,0.7325037446107682,0.26781571609876925
3-(2-Hydroxyethyl)indole (IEA),Residuals,15,4.579583576176136,0.3053055717450757,NA,NA,NA,NA
3-Amino-4-hydroxybenzoic acid,Sex,1,0.010956605907785355,0.010956605907785355,0.2802666048361167,0.6042738983421594,0.847101644100047,0.21876616473018115
3-Amino-4-hydroxybenzoic acid,Genotype,1,0.0089542432866625,0.0089542432866625,0.229046785651593,0.6391326675614919,0.8610727428674073,0.1944089840801206
3-Amino-4-hydroxybenzoic acid,Sex:Genotype,1,0.09226948816534919,0.09226948816534919,2.360225091211274,0.14528690392174062,0.38057445057608835,0.8377735309934539
3-Amino-4-hydroxybenzoic acid,Residuals,15,0.586402681521339,0.0390935121014226,NA,NA,NA,NA
3-Hydroxybenzaldehyde,Sex,1,0.009750400954740446,0.009750400954740446,0.12834321407622543,0.725147799356409,0.8794164843028625,0.13957346666619214
3-Hydroxybenzaldehyde,Genotype,1,0.0291234718292821,0.0291234718292821,0.38334833582522887,0.545106289692888,0.8383093339393983,0.26351880684928924
3-Hydroxybenzaldehyde,Sex:Genotype,1,0.10591184029789891,0.10591184029789891,1.3941032841271586,0.2560978393470385,0.5054975253584476,0.5915940855831785
3-Hydroxybenzaldehyde,Residuals,15,1.1395695158003643,0.07597130105335761,NA,NA,NA,NA
3-Hydroxybenzyl alcohol,Sex,1,7.576268711848746,7.576268711848746,28.61506286557556,8.109790744313496e-5,0.009245161448517385,4.090990351678167
3-Hydroxybenzyl alcohol,Genotype,1,1.8814020176033606,1.8814020176033606,7.105930248348305,0.017629385861119475,0.5309444723409976,1.75376281655902
3-Hydroxybenzyl alcohol,Sex:Genotype,1,9.212573916514225,9.212573916514225,34.79527875806936,2.9228880533880123e-5,0.003332092380862334,4.534187817802629
3-Hydroxybenzyl alcohol,Residuals,15,3.971475834653749,0.26476505564358327,NA,NA,NA,NA
3-Hydroxyphenylacetic acid,Sex,1,0.43637502103648473,0.43637502103648473,7.053473830029842,0.017980350494131412,0.2035423013340822,1.7452018467416333
3-Hydroxyphenylacetic acid,Genotype,1,0.6059341581188298,0.6059341581188298,9.79419197015631,0.006888215527721018,0.5309444723409976,2.1618932725538875
3-Hydroxyphenylacetic acid,Sex:Genotype,1,0.13129281156280403,0.13129281156280403,2.1221893229123445,0.16579290999057028,0.40213599444521303,0.7804340456663836
3-Hydroxyphenylacetic acid,Residuals,15,0.9280002270199929,0.061866681801332854,NA,NA,NA,NA
3-Methyladenine,Sex,1,0.4313073082873933,0.4313073082873933,3.730504495086488,0.07254592905102486,0.287879986360929,1.1393869531818746
3-Methyladenine,Genotype,1,0.026912446911579124,0.026912446911579124,0.23277371435247,0.6364396820158342,0.8610727428674073,0.19624274991917634
3-Methyladenine,Sex:Genotype,1,1.100289724740406,1.100289724740406,9.516731307753576,0.007546085460104817,0.24508897697843748,2.1222782806826275
3-Methyladenine,Residuals,15,1.7342452295211368,0.11561634863474245,NA,NA,NA,NA
3-Methylglutaric acid,Sex,1,1.2632389631927938,1.2632389631927938,5.840002410800339,0.02887143336985605,0.2035423013340822,1.5395316543192754
3-Methylglutaric acid,Genotype,1,0.1092436913260233,0.1092436913260233,0.5050377951422766,0.4881983014337685,0.8306657666186509,0.31140373593731596
3-Methylglutaric acid,Sex:Genotype,1,0.3783171220880237,0.3783171220880237,1.7489746353746,0.20581637733376934,0.4345012410379575,0.6865200702796427
3-Methylglutaric acid,Residuals,15,3.2446192852333278,0.21630795234888853,NA,NA,NA,NA
4-Aminobenzoic acid (PAB),Sex,1,0.003309897286124519,0.003309897286124519,0.028540274241627424,0.8681019403042507,0.9248936560250894,0.061429273081452865
4-Aminobenzoic acid (PAB),Genotype,1,0.04637087449224997,0.04637087449224997,0.3998424604838665,0.5366907743027292,0.8383093339393983,0.27027587015707394
4-Aminobenzoic acid (PAB),Sex:Genotype,1,0.4977401871061857,0.4977401871061857,4.291867756936512,0.05595227661860247,0.29950998603418005,1.2521822379509786
4-Aminobenzoic acid (PAB),Residuals,15,1.7395929300305395,0.11597286200203596,NA,NA,NA,NA
4-Hydroxybenzaldehyde,Sex,1,2.3641885751457536e-4,2.3641885751457536e-4,0.0025244610888149523,0.9605908896831103,0.9690916940165892,0.01746153655934652
4-Hydroxybenzaldehyde,Genotype,1,0.04544220711773028,0.04544220711773028,0.4852281449313221,0.4967173661406261,0.830891984550616,0.30389065601604504
4-Hydroxybenzaldehyde,Sex:Genotype,1,0.09337534876776998,0.09337534876776998,0.9970542836424463,0.3338608183975832,0.5437161899617783,0.4764345463610069
4-Hydroxybenzaldehyde,Residuals,15,1.4047682804187518,0.09365121869458345,NA,NA,NA,NA
4-Hydroxyphenylacetic acid,Sex,1,0.2218883485985511,0.2218883485985511,5.856774527010995,0.02867604516149291,0.2035423013340822,1.542480744321302
4-Hydroxyphenylacetic acid,Genotype,1,0.27189163594336263,0.27189163594336263,7.17661840992597,0.017168849059367112,0.5309444723409976,1.765258817472718
4-Hydroxyphenylacetic acid,Sex:Genotype,1,6.745868366382357e-4,6.745868366382357e-4,0.017805815519533526,0.8956204150280136,0.9453771047517922,0.047876015547490554
4-Hydroxyphenylacetic acid,Residuals,15,0.5682863858986351,0.037885759059909006,NA,NA,NA,NA
4-Methylaminobutyrate,Sex,1,0.030434108562902296,0.030434108562902296,0.07200114044923438,0.7921002113310515,0.8794164843028625,0.1012198708410957
4-Methylaminobutyrate,Genotype,1,0.08823953281491104,0.08823953281491104,0.20875745324525974,0.654289914053835,0.8610727428674073,0.18422977434404175
4-Methylaminobutyrate,Sex:Genotype,1,0.16706387966539094,0.16706387966539094,0.39524042042894975,0.5390138202744166,0.7325037446107682,0.26840009939216564
4-Methylaminobutyrate,Residuals,15,6.340338855679733,0.42268925704531557,NA,NA,NA,NA
5-Deoxy-5-(methylthio)adenosine,Sex,1,0.03324890606423214,0.03324890606423214,0.5141363939221326,0.4843702572796703,0.8002639033316292,0.31482253253124515
5-Deoxy-5-(methylthio)adenosine,Genotype,1,0.041276794918326254,0.041276794918326254,0.6382737059370911,0.4368047076186763,0.7939692096219254,0.359712689713125
5-Deoxy-5-(methylthio)adenosine,Sex:Genotype,1,0.007244904834453725,0.007244904834453725,0.11202982855132579,0.7424794319420778,0.8549763155696654,0.1293155726070903
5-Deoxy-5-(methylthio)adenosine,Residuals,15,0.9700414070259665,0.06466942713506443,NA,NA,NA,NA
5-Valerolactone,Sex,1,1.7674045917851817,1.7674045917851817,1.8524150461899935,0.19360105709271866,0.4904560113015539,0.7130922757038585
5-Valerolactone,Genotype,1,0.0982509734413064,0.0982509734413064,0.1029767504007994,0.7527136609284847,0.8846325499571882,0.12337020192504583
5-Valerolactone,Sex:Genotype,1,0.35013658856042795,0.35013658856042795,0.36697782040718235,0.5537129713835558,0.7426268086791218,0.25671530250519525
5-Valerolactone,Residuals,15,14.311624671428312,0.9541083114285541,NA,NA,NA,NA
Acetylcholine,Sex,1,0.1933413538573081,0.1933413538573081,0.26528470048723757,0.6140188048644469,0.847101644100047,0.21181832800573377
Acetylcholine,Genotype,1,0.4164298834640068,0.4164298834640068,0.5713856591188267,0.4614155070492667,0.8092518123633293,0.3359078139918679
Acetylcholine,Sex:Genotype,1,1.2218247659667725e-4,1.2218247659667725e-4,1.6764722632831225e-4,0.9898400306839357,0.9898400306839357,0.004434986619432311
Acetylcholine,Residuals,15,10.9321054042434,0.72880702694956,NA,NA,NA,NA
Adenine,Sex,1,0.0915731319268902,0.0915731319268902,0.45182366895826226,0.5116918219971863,0.8215896860236513,0.2909915239891425
Adenine,Genotype,1,0.418540955866892,0.418540955866892,2.0650894679462914,0.17123734495048323,0.7473204712893272,0.7664015145581996
Adenine,Sex:Genotype,1,1.1718481348214809,1.1718481348214809,5.781922192632365,0.029560069305605823,0.2600644783032585,1.5292945520428787
Adenine,Residuals,15,3.04011735832777,0.20267449055518466,NA,NA,NA,NA
Adenosine 5-monophosphate (AMP),Sex,1,1.9399246791177056,1.9399246791177056,9.752665128865221,0.006982367337085952,0.2035423013340822,2.155997307015264
Adenosine 5-monophosphate (AMP),Genotype,1,0.018079106757580732,0.018079106757580732,0.09088985563907603,0.7671881152851059,0.8924433177806333,0.11509813355647014
Adenosine 5-monophosphate (AMP),Sex:Genotype,1,1.6586659491447548,1.6586659491447548,8.3386812574689,0.011272803268362578,0.24508897697843748,1.9479680721886357
Adenosine 5-monophosphate (AMP),Residuals,15,2.9836839266264654,0.1989122617750977,NA,NA,NA,NA
Adenylosuccinic acid,Sex,1,0.295467197042937,0.295467197042937,0.461037695163755,0.5074816163455781,0.8215896860236513,0.29457968556111536
Adenylosuccinic acid,Genotype,1,0.6840139943492112,0.6840139943492112,1.0673138628268328,0.31792318610745823,0.7550675670052133,0.4976777978753197
Adenylosuccinic acid,Sex:Genotype,1,3.435769211332266,3.435769211332266,5.361065912426929,0.03516119133078597,0.2600644783032585,1.4539364185919716
Adenylosuccinic acid,Residuals,15,9.613114073177595,0.640874271545173,NA,NA,NA,NA
Adipic acid,Sex,1,1.5578438225925897,1.5578438225925897,5.577633660236775,0.0321382581053814,0.2035423013340822,1.4929776657096243
Adipic acid,Genotype,1,0.8307635277791396,0.8307635277791396,2.9744282122751597,0.10512869502259613,0.7473204712893272,0.9782787265117722
Adipic acid,Sex:Genotype,1,0.6536156117823078,0.6536156117823078,2.3401758149710647,0.14688838443287622,0.38057445057608835,0.8330125457765035
Adipic acid,Residuals,15,4.189528886681466,0.2793019257787644,NA,NA,NA,NA
Alanine,Sex,1,0.28895882180059185,0.28895882180059185,4.278723648001741,0.05628596308998918,0.25666399169035065,1.2495998984460586
Alanine,Genotype,1,0.029435551013020866,0.029435551013020866,0.4358634473471405,0.5191359247699029,0.8383093339393983,0.28471891643133224
Alanine,Sex:Genotype,1,0.009054779621387121,0.009054779621387121,0.13407758050802648,0.7193542101645116,0.8418261312588358,0.14305721025643972
Alanine,Residuals,15,1.0130082434824061,0.06753388289882707,NA,NA,NA,NA
Aniline,Sex,1,0.0165126247747448,0.0165126247747448,0.31017220840531595,0.5857890992466176,0.847101644100047,0.23225871421995492
Aniline,Genotype,1,0.006895573311617498,0.006895573311617498,0.12952605848322576,0.723940862546097,0.8779708333005858,0.14029690910517034
Aniline,Sex:Genotype,1,0.04354229496872486,0.04354229496872486,0.817896002223777,0.3800920635822438,0.5838005651429445,0.42011119848008954
Aniline,Residuals,15,0.7985543672484839,0.053236957816565594,NA,NA,NA,NA
Anserine,Sex,1,5.6137742213476365,5.6137742213476365,5.884488912515822,0.02835653195334738,0.2035423013340822,1.5473468851117809
Anserine,Genotype,1,0.01247099108308447,0.01247099108308447,0.013072383366867474,0.9104889913621919,0.9522545414246777,0.040725300851550454
Anserine,Sex:Genotype,1,1.2354317056258033,1.2354317056258033,1.2950082934009324,0.2729777794182863,0.5054975253584476,0.5638727033943424
Anserine,Residuals,15,14.309928113062467,0.9539952075374978,NA,NA,NA,NA
Benzaldehyde,Sex,1,0.007831063800652016,0.007831063800652016,0.1546840517703189,0.6996321861738858,0.8645421587041033,0.15513021926743775
Benzaldehyde,Genotype,1,0.05627226203527147,0.05627226203527147,1.1115247832832305,0.3084375901069991,0.7550675670052133,0.5108326987754023
Benzaldehyde,Sex:Genotype,1,0.011703139594068546,0.011703139594068546,0.23116770555405805,0.6375968344626806,0.7900656427037563,0.19545384778948927
Benzaldehyde,Residuals,15,0.7593928117696219,0.050626187451308126,NA,NA,NA,NA
Benzoic acid,Sex,1,0.12007795374837738,0.12007795374837738,0.7414175767188081,0.40276168092994813,0.7567144229509485,0.39495185527905846
Benzoic acid,Genotype,1,0.1403846380753362,0.1403846380753362,0.866800565143451,0.36658569999721213,0.7885050905600411,0.43582448027241155
Benzoic acid,Sex:Genotype,1,0.17794243152451017,0.17794243152451017,1.0986999882827164,0.31114808349654827,0.5216306105677427,0.5070328696897533
Benzoic acid,Residuals,15,2.4293587888715193,0.16195725259143462,NA,NA,NA,NA
Benzylamine,Sex,1,0.05287253184130991,0.05287253184130991,0.2611808167642128,0.6167494426342447,0.847101644100047,0.2098912343165098
Benzylamine,Genotype,1,7.089801628277215e-4,7.089801628277215e-4,0.0035022347436044635,0.9535902247076165,0.9787239135304089,0.020638209551511556
Benzylamine,Sex:Genotype,1,0.04381994591235738,0.04381994591235738,0.2164626671993618,0.6484313527254144,0.7948513355988951,0.18813599446132473
Benzylamine,Residuals,15,3.0365475820363477,0.20243650546908984,NA,NA,NA,NA
Betaine,Sex,1,0.0012624102629079648,0.0012624102629079648,0.010005359489957231,0.9216477065883528,0.9461668740644784,0.03543505326565592
Betaine,Genotype,1,0.0246666873815391,0.0246666873815391,0.19549831138903156,0.6646877313362443,0.8610727428674073,0.17738233726639283
Betaine,Sex:Genotype,1,0.008756474508028633,0.008756474508028633,0.06940031928737586,0.7957964289370526,0.8894195382237647,0.09919801404161885
Betaine,Residuals,15,1.8926010567262903,0.12617340378175268,NA,NA,NA,NA
CDP-ethanolamine,Sex,1,4.862581743546501,4.862581743546501,5.6240919054552405,0.031529745528697604,0.2035423013340822,1.5012795343560728
CDP-ethanolamine,Genotype,1,1.0244385014141972,1.0244385014141972,1.1848718617608542,0.29354695240730067,0.7550675670052133,0.5323224240908242
CDP-ethanolamine,Sex:Genotype,1,1.7729293037417868,1.7729293037417868,2.0505809201772287,0.17265619680265548,0.41005846740630675,0.762817829773823
CDP-ethanolamine,Residuals,15,12.968978348744377,0.8645985565829585,NA,NA,NA,NA
Cinnamaldehyde,Sex,1,0.00840283007149445,0.00840283007149445,0.05988819826943947,0.8099888671210576,0.8794164843028625,0.09152095023384306
Cinnamaldehyde,Genotype,1,0.3084284682193945,0.3084284682193945,2.1982147799613285,0.15887452279758915,0.7473204712893272,0.7989457409017279
Cinnamaldehyde,Sex:Genotype,1,0.02269252582956227,0.02269252582956227,0.16173294884606657,0.6932383617143125,0.831886034057175,0.1591174127500003
Cinnamaldehyde,Residuals,15,2.10462920432748,0.140308613621832,NA,NA,NA,NA
Citric acid,Sex,1,0.07072811346121455,0.07072811346121455,0.23084318192506334,0.6378312648429123,0.8548378961040803,0.19529419657633643
Citric acid,Genotype,1,0.19385368961141314,0.19385368961141314,0.6327017694647239,0.4387724579489588,0.7939692096219254,0.3577606412071512
Citric acid,Sex:Genotype,1,0.0013745949816890146,0.0013745949816890146,0.004486417973035914,0.9474816861694668,0.9730892993091821,0.023429175737103684
Citric acid,Residuals,15,4.595854610350226,0.3063903073566817,NA,NA,NA,NA
Creatinine,Sex,1,0.010677408650674458,0.010677408650674458,0.9196171396957749,0.352778724954552,0.7181566900860522,0.4524976137710634
Creatinine,Genotype,1,0.01349250418037043,0.01349250418037043,1.162073917710527,0.2980670913040644,0.7550675670052133,0.525685970475234
Creatinine,Sex:Genotype,1,0.00219479501591624,0.00219479501591624,0.1890319253284308,0.6699135703532324,0.8124483725560478,0.1739812246722021
Creatinine,Residuals,15,0.17416066191752463,0.011610710794501643,NA,NA,NA,NA
Cytidine diphosphate choline (CDPcholine),Sex,1,4.7196641704485796,4.7196641704485796,4.505717063778504,0.050836415059698103,0.25197179638285144,1.2938250831118552
Cytidine diphosphate choline (CDPcholine),Genotype,1,0.030367961740589422,0.030367961740589422,0.02899135160155719,0.8670743102329308,0.9325138808165482,0.06194368090769159
Cytidine diphosphate choline (CDPcholine),Sex:Genotype,1,4.151948907438131,4.151948907438131,3.9637369025776366,0.06502924721613738,0.29950998603418005,1.1868912733913
Cytidine diphosphate choline (CDPcholine),Residuals,15,15.71225213537041,1.0474834756913607,NA,NA,NA,NA
Dihydrouracil,Sex,1,0.054455977628760976,0.054455977628760976,0.17455325286096987,0.6820156993917439,0.8645421587041033,0.16620562815770137
Dihydrouracil,Genotype,1,0.41916498252680334,0.41916498252680334,1.3435919135316763,0.2645218977004302,0.7550675670052133,0.5775383702948786
Dihydrouracil,Sex:Genotype,1,0.019949179940007333,0.019949179940007333,0.06394512415470736,0.8037984550900636,0.889641008546284,0.09485283286220388
Dihydrouracil,Residuals,15,4.6796015029408835,0.3119734335293922,NA,NA,NA,NA
Ergocalciferol (Vitamin D2),Sex,1,0.07388267362719847,0.07388267362719847,0.7345149801913061,0.404908594736911,0.7567144229509485,0.39264300464132157
Ergocalciferol (Vitamin D2),Genotype,1,0.11202119371480013,0.11202119371480013,1.1136744360066395,0.3079864813337678,0.7550675670052133,0.5114683458729232
Ergocalciferol (Vitamin D2),Sex:Genotype,1,0.12399187759724928,0.12399187759724928,1.2326826716744494,0.284367693573161,0.506529954177193,0.5461197444396843
Ergocalciferol (Vitamin D2),Residuals,15,1.5088053127511891,0.10058702085007927,NA,NA,NA,NA
Glucose,Sex,1,0.21196441936649757,0.21196441936649757,3.5385583565469627,0.07951330815679389,0.30215057099581677,1.099560177313824
Glucose,Genotype,1,0.016415320680513212,0.016415320680513212,0.27403924839382354,0.6082827520396178,0.8610727428674073,0.21589449785602627
Glucose,Sex:Genotype,1,0.45041033091424554,0.45041033091424554,7.51920178440853,0.015124121707695764,0.24508897697843748,1.8203298364160876
Glucose,Residuals,15,0.8985202362467429,0.059901349083116194,NA,NA,NA,NA
Glucuronic acid,Sex,1,0.9401611360323949,0.9401611360323949,3.325935528666339,0.08818154063271033,0.30839295229746744,1.0546223178204261
Glucuronic acid,Genotype,1,0.18748346927382098,0.18748346927382098,0.6632458071250663,0.42815700508839916,0.7939692096219254,0.36839694608024753
Glucuronic acid,Sex:Genotype,1,0.31129960086042896,0.31129960086042896,1.1012605848936898,0.3106042657803672,0.5216306105677427,0.5077925840480502
Glucuronic acid,Residuals,15,4.240135420225908,0.2826756946817272,NA,NA,NA,NA
Glutamic acid,Sex,1,0.01809362820800131,0.01809362820800131,0.3024240103047745,0.5904619866974951,0.847101644100047,0.22880805655837516
Glutamic acid,Genotype,1,0.028191443293892893,0.028191443293892893,0.47120285877480833,0.5029083064385307,0.830891984550616,0.2985111911624766
Glutamic acid,Sex:Genotype,1,0.06657716001025493,0.06657716001025493,1.1127968085527549,0.308170542360167,0.5216306105677427,0.5112088773043525
Glutamic acid,Residuals,15,0.8974301440104105,0.0598286762673607,NA,NA,NA,NA
Glutaric acid,Sex,1,0.2036380064781016,0.2036380064781016,1.8021660102251973,0.19941607944978207,0.4942050664625034,0.7002398262913282
Glutaric acid,Genotype,1,0.025080846615259222,0.025080846615259222,0.2219617548777785,0.6443280066681352,0.8610727428674073,0.19089299099250315
Glutaric acid,Sex:Genotype,1,0.14510254942183143,0.14510254942183143,1.2841359385099216,0.27491970677389255,0.5054975253584476,0.5607941279760881
Glutaric acid,Residuals,15,1.6949437953220676,0.11299625302147118,NA,NA,NA,NA
Glutarylcarnitine,Sex,1,0.22754744166350527,0.22754744166350527,0.547922338035468,0.47059615640902897,0.7916377163340916,0.3273516242427986
Glutarylcarnitine,Genotype,1,0.9113911293575931,0.9113911293575931,2.1945821706967967,0.15919683035974075,0.7473204712893272,0.7980655834009747
Glutarylcarnitine,Sex:Genotype,1,0.9865599276103598,0.9865599276103598,2.375584705310562,0.1440745529405242,0.38057445057608835,0.8414127193486514
Glutarylcarnitine,Residuals,15,6.229371186417364,0.41529141242782425,NA,NA,NA,NA
"Glutathione (oxidized, GSSG)",Sex,1,2.335381127256073,2.335381127256073,5.58347021491923,0.03206106664931514,0.2035423013340822,1.4940220330671588
"Glutathione (oxidized, GSSG)",Genotype,1,0.02965590278305097,0.02965590278305097,0.07090185321496319,0.7936535833912057,0.9122639182495001,0.1003690185434736
"Glutathione (oxidized, GSSG)",Sex:Genotype,1,1.4738759090261135,1.4738759090261135,3.523768408715057,0.08008241661141641,0.3237053784756754,1.0964628298198538
"Glutathione (oxidized, GSSG)",Residuals,15,6.27400443817857,0.418266962545238,NA,NA,NA,NA
Glycerol,Sex,1,0.013406051964431231,0.013406051964431231,0.29585173572251144,0.59448785644864,0.847101644100047,0.22585701225001711
Glycerol,Genotype,1,0.01942955587223616,0.01942955587223616,0.42878155659621603,0.5225026464293907,0.8383093339393983,0.2819115055484481
Glycerol,Sex:Genotype,1,0.088637092870132,0.088637092870132,1.9560895217027126,0.18226696591881056,0.42404967581111025,0.7392920357837456
Glycerol,Residuals,15,0.6797011988974023,0.045313413259826824,NA,NA,NA,NA
Glycerol 1-phosphate,Sex,1,3.3322739082816053,3.3322739082816053,8.299642994757045,0.01142845697648915,0.2035423013340822,1.9420124023110217
Glycerol 1-phosphate,Genotype,1,0.2556733407724181,0.2556733407724181,0.6368016285858706,0.43732319489291094,0.7939692096219254,0.35919748778924704
Glycerol 1-phosphate,Sex:Genotype,1,2.527755647088691,2.527755647088691,6.29584182641095,0.024066942954945773,0.2600644783032585,1.6185790714248316
Glycerol 1-phosphate,Residuals,15,6.0224408032730405,0.40149605355153606,NA,NA,NA,NA
Glycerol 2-phosphate,Sex,1,3.132169557978192,3.132169557978192,7.081696276249477,0.017790535298709314,0.2035423013340822,1.7498109842500777
Glycerol 2-phosphate,Genotype,1,0.8347344653653961,0.8347344653653961,1.8872975570489154,0.18969052671093073,0.7473204712893272,0.7219543575662642
Glycerol 2-phosphate,Sex:Genotype,1,1.9717226619029136,1.9717226619029136,4.457977377702293,0.05192918902955316,0.29950998603418005,1.284588459664527
Glycerol 2-phosphate,Residuals,15,6.634362945957237,0.4422908630638158,NA,NA,NA,NA
Glycerophosphocholine,Sex,1,1.5911256675346714,1.5911256675346714,6.153599856957703,0.025459224046725567,0.2035423013340822,1.5941548370280318
Glycerophosphocholine,Genotype,1,0.1660227043294209,0.1660227043294209,0.642084601146687,0.43546703310140555,0.7939692096219254,0.36104471754283085
Glycerophosphocholine,Sex:Genotype,1,1.1168158314767918,1.1168158314767918,4.319230014981787,0.05526506239243819,0.29950998603418005,1.257549335336964
Glycerophosphocholine,Residuals,15,3.878524045731451,0.25856826971543007,NA,NA,NA,NA
Guanidineacetic acid,Sex,1,0.6555259933805,0.6555259933805,7.425418164020317,0.015654587597306556,0.2035423013340822,1.8053583689013115
Guanidineacetic acid,Genotype,1,0.018139321435169498,0.018139321435169498,0.205471710089044,0.6568283425306809,0.8610727428674073,0.18254811542104005
Guanidineacetic acid,Sex:Genotype,1,0.07588445019857626,0.07588445019857626,0.8595750291539317,0.3685360057447912,0.5755219815740574,0.43352007542396004
Guanidineacetic acid,Residuals,15,1.3242203581681808,0.08828135721121205,NA,NA,NA,NA
Guanidinosuccinic acid,Sex,1,0.19946766960891926,0.19946766960891926,2.243188146706541,0.15495048711861306,0.45293219311594585,0.8098070541288405
Guanidinosuccinic acid,Genotype,1,0.15114851797970363,0.15114851797970363,1.6997970878643622,0.21196941938793087,0.7550675670052133,0.6737267897742971
Guanidinosuccinic acid,Sex:Genotype,1,0.06992410661812865,0.06992410661812865,0.7863576460403829,0.38920037676196306,0.5838005651429445,0.40982674798857177
Guanidinosuccinic acid,Residuals,15,1.333822599110413,0.08892150660736085,NA,NA,NA,NA
Guanine,Sex,1,0.2811349922599682,0.2811349922599682,1.5387031706007497,0.23386389579738917,0.5440915126714768,0.631036819944772
Guanine,Genotype,1,0.4048196990739248,0.4048196990739248,2.215652165813249,0.15733859961755495,0.7473204712893272,0.8031647195607798
Guanine,Sex:Genotype,1,0.7581631633414876,0.7581631633414876,4.149565494812137,0.05969245495073909,0.29950998603418005,1.2240805596636113
Guanine,Residuals,15,2.740635727846773,0.18270904852311817,NA,NA,NA,NA
Guanosine 5-monophosphate,Sex,1,2.0417063808133005,2.0417063808133005,4.401087999991106,0.05326756912247827,0.25302095333177177,1.2735371218895168
Guanosine 5-monophosphate,Genotype,1,0.050820379254487236,0.050820379254487236,0.10954805421278317,0.7452376689099072,0.8846325499571882,0.1277052012982688
Guanosine 5-monophosphate,Sex:Genotype,1,2.491606663734645,2.491606663734645,5.370889904400591,0.035017102897588234,0.2600644783032585,1.4557197876539785
Guanosine 5-monophosphate,Residuals,15,6.958641979497204,0.46390946529981364,NA,NA,NA,NA
Hydrocortisone 21-acetate,Sex,1,0.11125647385125093,0.11125647385125093,2.181912569344308,0.1603273314636672,0.45693289467145154,0.7949924358988365
Hydrocortisone 21-acetate,Genotype,1,0.007657455372229949,0.007657455372229949,0.1501746149909439,0.7038119369654536,0.8673579487955341,0.15254337160957376
Hydrocortisone 21-acetate,Sex:Genotype,1,6.630046406463919e-4,6.630046406463919e-4,0.013002552650500916,0.9107272830783439,0.9525037639534973,0.04061165286866005
Hydrocortisone 21-acetate,Residuals,15,0.7648551693665128,0.050990344624434185,NA,NA,NA,NA
Hypoxanthine,Sex,1,0.0316952500362353,0.0316952500362353,0.1486044169102436,0.7052843926270317,0.8645421587041033,0.1516357266345625
Hypoxanthine,Genotype,1,0.4056847608627292,0.4056847608627292,1.9020688358178417,0.1880647555663441,0.7473204712893272,0.7256925861467252
Hypoxanthine,Sex:Genotype,1,1.1244328980477913,1.1244328980477913,5.27194753087787,0.03650027765659769,0.2600644783032585,1.4377038318649062
Hypoxanthine,Residuals,15,3.1992908449732442,0.21328605633154962,NA,NA,NA,NA
Inosine 5-monophosphate (IMP),Sex,1,2.40505604621978,2.40505604621978,1.7769292295987322,0.20381423081034558,0.4943579215399872,0.6907654957631693
Inosine 5-monophosphate (IMP),Genotype,1,0.3429701279308581,0.3429701279308581,0.2533968579058497,0.6225204517123377,0.8610727428674073,0.20584637608779144
Inosine 5-monophosphate (IMP),Sex:Genotype,1,1.378066725119222,1.378066725119222,1.0181579959646296,0.33007873741647664,0.5437161899617783,0.48138245058670726
Inosine 5-monophosphate (IMP),Residuals,14,18.948860813483545,1.3534900581059675,NA,NA,NA,NA
Leucine,Sex,1,0.010136832095898551,0.010136832095898551,0.09986496916621872,0.7563463138318515,0.8794164843028625,0.12127930536116452
Leucine,Genotype,1,0.1016706944902166,0.1016706944902166,1.001628583202207,0.33278915446789503,0.7728444624196946,0.47783083572114887
Leucine,Sex:Genotype,1,0.0027805995556688945,0.0027805995556688945,0.02739361629584741,0.8707525148834734,0.9364696858180751,0.060105262550532446
Leucine,Residuals,15,1.5225807678906589,0.10150538452604392,NA,NA,NA,NA
Lumichrome,Sex,1,0.011941575165994145,0.011941575165994145,0.06682863744467445,0.7995250975104634,0.8794164843028625,0.09716789897312088
Lumichrome,Genotype,1,0.007466091781308748,0.007466091781308748,0.041782489650326465,0.84078256878212565,0.9216270465496378,0.0753163007383884
Lumichrome,Sex:Genotype,1,0.007251120156000823,0.007251120156000823,0.04057944393743707,0.8430581771883985,0.9153203066616897,0.07414245484132714
Lumichrome,Residuals,15,2.680342355299457,0.17868949035329712,NA,NA,NA,NA
Mannose,Sex,1,0.20854450544700764,0.20854450544700764,3.3009690131925313,0.08927164408610899,0.30839295229746744,1.049286466895793
Mannose,Genotype,1,0.009912737801739513,0.009912737801739513,0.15690483069456432,0.69759978228897,0.8673579487955341,0.15639366361263615
Mannose,Sex:Genotype,1,0.43842672171462005,0.43842672171462005,6.939684264677479,0.018769712614201493,0.24508897697843748,1.7265423768736967
Mannose,Residuals,15,0.9476513015430303,0.06317675343620202,NA,NA,NA,NA
"N,N-Dimethyl-1,4-phenylenediamine",Sex,1,6.937656019732064e-4,6.937656019732064e-4,0.008079400230088553,0.929567455221242,0.9461668740644784,0.03171908962806377
"N,N-Dimethyl-1,4-phenylenediamine",Genotype,1,0.054889949900272406,0.054889949900272406,0.639233009812639,0.43646735830005623,0.7939692096219254,0.3600482299429256
"N,N-Dimethyl-1,4-phenylenediamine",Sex:Genotype,1,3.10673772303538e-5,3.10673772303538e-5,3.6180198907132086e-4,0.9850749877733369,0.9898400306839357,0.006530708043927779
"N,N-Dimethyl-1,4-phenylenediamine",Residuals,15,1.2880268006582014,0.08586845337721342,NA,NA,NA,NA
N-Acetylaspartic acid,Sex,1,0.23019255181139697,0.23019255181139697,2.819492473197545,0.11382944858277952,0.3604599205121351,0.9437453679716665
N-Acetylaspartic acid,Genotype,1,0.15377767370687856,0.15377767370687856,1.883531809133477,0.19010783918763588,0.7473204712893272,0.720999974424728
N-Acetylaspartic acid,Sex:Genotype,1,0.12781575212339713,0.12781575212339713,1.5655395808082744,0.2300192967507605,0.476767269628849,0.6382357286744187
N-Acetylaspartic acid,Residuals,15,1.2246488720911832,0.08164325813941221,NA,NA,NA,NA
N-Acetylglucosamine,Sex,1,0.7593646820594739,0.7593646820594739,5.033433982243123,0.04038651944029365,0.2192411055330227,1.3937635732476343
N-Acetylglucosamine,Genotype,1,0.1768695937833793,0.1768695937833793,1.1723766522302816,0.29601261623301767,0.7550675670052133,0.5286897786585689
N-Acetylglucosamine,Sex:Genotype,1,1.3572685600606866,1.3572685600606866,8.996628174372463,0.008983011627990135,0.24508897697843748,2.0465780381494576
N-Acetylglucosamine,Residuals,15,2.262962079382634,0.15086413862550893,NA,NA,NA,NA
N-Acetylglutamic acid,Sex,1,0.022084554864530315,0.022084554864530315,0.16224957284641925,0.6927762082266049,0.8645421587041033,0.15940703555959432
N-Acetylglutamic acid,Genotype,1,0.08759582971117696,0.08759582971117696,0.6435441439026897,0.43495645493296675,0.7939692096219254,0.36155421966361223
N-Acetylglutamic acid,Sex:Genotype,1,0.003026601095841741,0.003026601095841741,0.022235663702034534,0.8834482214823216,0.9412438995232211,0.05381889922283828
N-Acetylglutamic acid,Residuals,15,2.0417207710095098,0.13611471806730066,NA,NA,NA,NA
N-Acetylphenylalanine,Sex,1,0.004741100275508003,0.004741100275508003,0.01481214877316059,0.9047479979036925,0.9461668740644784,0.04347236925910057
N-Acetylphenylalanine,Genotype,1,0.44168145735382414,0.44168145735382414,1.3799015157869092,0.258429785918095,0.7550675670052133,0.5876574321848392
N-Acetylphenylalanine,Sex:Genotype,1,0.22331789075710962,0.22331789075710962,0.6976899093846529,0.4166674469550242,0.6168842721152307,0.3802104284125404
N-Acetylphenylalanine,Residuals,15,4.801228047444553,0.3200818698296369,NA,NA,NA,NA
N-Acetylproline,Sex,1,0.15679531314611284,0.15679531314611284,2.6578484095077544,0.12532437648634384,0.38613456539035673,0.9019644474108103
N-Acetylproline,Genotype,1,0.07275134125792615,0.07275134125792615,1.2332131156991066,0.2854926270596413,0.7550675670052133,0.5444051030701805
N-Acetylproline,Sex:Genotype,1,5.344859126898971e-4,5.344859126898971e-4,0.009060108395098172,0.9255171972817394,0.9591723680919845,0.03361550709457364
N-Acetylproline,Residuals,14,0.8259065401145765,0.05899332429389832,NA,NA,NA,NA
N-Acetylserine,Sex,1,0.0027031660797907087,0.0027031660797907087,0.011804814916260682,0.9149202315965618,0.9461668740644784,0.03861676876152338
N-Acetylserine,Genotype,1,0.15517718965555227,0.15517718965555227,0.6776638760024339,0.42328747574992676,0.7939692096219254,0.373364581261789
N-Acetylserine,Sex:Genotype,1,0.1837364242662609,0.1837364242662609,0.8023829900997758,0.3845316937700909,0.5838005651429445,0.415067859081792
N-Acetylserine,Residuals,15,3.434826508038513,0.2289884338692342,NA,NA,NA,NA
N-Acetylserotonin,Sex,1,0.1653241763867963,0.1653241763867963,1.8612423474839104,0.19260187809273163,0.4904560113015539,0.715339482313597
N-Acetylserotonin,Genotype,1,0.3755590205563937,0.3755590205563937,4.2280951783103315,0.057593300630863986,0.6612267265170964,1.239628031650761
N-Acetylserotonin,Sex:Genotype,1,0.29291231652324856,0.29291231652324856,3.2976472015633305,0.08941789329375108,0.3288270914673427,1.0485755664259024
N-Acetylserotonin,Residuals,15,1.332369559049796,0.08882463726998639,NA,NA,NA,NA
N-Methylaspartic acid,Sex,1,3.1927763914740837e-4,3.1927763914740837e-4,7.479457870029049e-4,0.978542235711904,0.978542235711904,0.009420424639848116
N-Methylaspartic acid,Genotype,1,0.2541254822903358,0.2541254822903358,0.5953191221179851,0.45235410931889053,0.8057557572242737,0.3445214600694847
N-Methylaspartic acid,Sex:Genotype,1,1.548900352210513,1.548900352210513,3.6284830219140396,0.07615466571436826,0.3237053784756754,1.1183034838981127
N-Methylaspartic acid,Residuals,15,6.403090532004729,0.4268727021336486,NA,NA,NA,NA
N-Methylglutamic acid,Sex,1,0.04042831692064652,0.04042831692064652,0.32031989790223026,0.5797846183551607,0.847101644100047,0.23673331063001696
N-Methylglutamic acid,Genotype,1,0.06524707086086634,0.06524707086086634,0.5169627792716447,0.4831916566498119,0.8306657666186509,0.3158805733567728
N-Methylglutamic acid,Sex:Genotype,1,0.28881623465754735,0.28881623465754735,2.2883363405802815,0.15113125340778832,0.38060113609094376,0.8206457158131695
N-Methylglutamic acid,Residuals,15,1.893184774911467,0.12621231832743113,NA,NA,NA,NA
Nicotinamide,Sex,1,0.018011882677290814,0.018011882677290814,0.06280941733626691,0.8055097798395583,0.8794164843028625,0.09392918236509815
Nicotinamide,Genotype,1,0.016468475807445593,0.016468475807445593,0.057427387709236784,0.8138530471999205,0.9122639182495001,0.0894540061079805
Nicotinamide,Sex:Genotype,1,0.13728580078800334,0.13728580078800334,0.47873069742503305,0.4995685642215333,0.7030964977932691,0.30140489778921
Nicotinamide,Residuals,15,4.301556225444525,0.286770415029635,NA,NA,NA,NA
Nicotinamide adenine dinucleotide (NAD),Sex,1,2.0486410602337353,2.0486410602337353,5.050615556611449,0.04009096568561133,0.2192411055330227,1.3969534826150012
Nicotinamide adenine dinucleotide (NAD),Genotype,1,0.009091583929042635,0.009091583929042635,0.02241392897837479,0.8829856445914249,0.9407510605927331,0.054046357040108406
Nicotinamide adenine dinucleotide (NAD),Sex:Genotype,1,0.7235920302590815,0.7235920302590815,1.7839070179768912,0.20158408385279064,0.4345012410379575,0.6955437607571692
Nicotinamide adenine dinucleotide (NAD),Residuals,15,6.084330822463766,0.40562205483091773,NA,NA,NA,NA
Norleucine,Sex,1,0.05634617099930228,0.05634617099930228,0.33948182590405673,0.568784476414707,0.847101644100047,0.24505226512539258
Norleucine,Genotype,1,0.04479061491484737,0.04479061491484737,0.26986039095444747,0.6110058822113811,0.8610727428674073,0.2139546087432929
Norleucine,Sex:Genotype,1,0.48224665018945156,0.48224665018945156,2.9055030792501797,0.10889643211079666,0.3435594976454634,0.9629863492614608
Norleucine,Residuals,15,2.4896548224304644,0.16597698816203096,NA,NA,NA,NA
Norvaline,Sex,1,0.029052698226929685,0.029052698226929685,0.2212201403842409,0.6448777110960606,0.8548378961040803,0.19052263332048203
Norvaline,Genotype,1,0.15352819644383775,0.15352819644383775,1.1690318367318957,0.29667746762119124,0.7550675670052133,0.5277154366942075
Norvaline,Sex:Genotype,1,0.9206951288087302,0.9206951288087302,7.010581394376695,0.018273317747513347,0.24508897697843748,1.7381825939378448
Norvaline,Residuals,15,1.9699403166773768,0.13132935444515845,NA,NA,NA,NA
O-Acetylserine,Sex,1,0.21093437076670174,0.21093437076670174,3.710633774433019,0.07323262810935913,0.287879986360929,1.135295379997903
O-Acetylserine,Genotype,1,0.23199576137754363,0.23199576137754363,4.081133409239114,0.061595437388976916,0.6612267265170964,1.2104514565072932
O-Acetylserine,Sex:Genotype,1,0.14796892910334902,0.14796892910334902,2.602982642903859,0.12749831377942056,0.36645545872129043,0.8944955589252065
O-Acetylserine,Residuals,15,0.8526887194584393,0.05684591463056262,NA,NA,NA,NA
Ophthalmic acid,Sex,1,0.009565214744702955,0.009565214744702955,0.6441102655943738,0.4347586722340665,0.763454052516438,0.3617517462640954
Ophthalmic acid,Genotype,1,0.013103395735057505,0.013103395735057505,0.8823671953387155,0.36243529589291146,0.7885050905600411,0.4407695150098489
Ophthalmic acid,Sex:Genotype,1,0.026090517574933247,0.026090517574933247,1.7569046438807172,0.2048457107200537,0.4345012410379575,0.6885731253408836
Ophthalmic acid,Residuals,15,0.22275412896601657,0.014850275264401105,NA,NA,NA,NA
Oxalic acid,Sex,1,0.06064684812697907,0.06064684812697907,0.390393558126108,0.5414811698858699,0.847101644100047,0.2664166414520518
Oxalic acid,Genotype,1,0.05634335415436631,0.05634335415436631,0.3626912722492732,0.5560104226377387,0.8383093339393983,0.25491706731788666
Oxalic acid,Sex:Genotype,1,0.206422806854746,0.206422806854746,1.3287769527226838,0.2670627165686251,0.5054975253584476,0.5733867376570453
Oxalic acid,Residuals,15,2.330219602678041,0.15534797351186938,NA,NA,NA,NA
Palmitic acid,Sex,1,0.05049156592743831,0.05049156592743831,0.16754481890566786,0.6880882173770924,0.8645421587041033,0.16235587882258443
Palmitic acid,Genotype,1,1.3838076632538963,1.3838076632538963,4.591852125825173,0.04893216637085605,0.6612267265170964,1.3104055563209673
Palmitic acid,Sex:Genotype,1,1.385525951134488,1.385525951134488,4.5975538747508296,0.048809089258109485,0.29950998603418005,1.3114992958851222
Palmitic acid,Residuals,15,4.520423214865247,0.3013615476576831,NA,NA,NA,NA
Phosphocholine,Sex,1,2.4194262152064514,2.4194262152064514,6.2183451216586345,0.024814249906423263,0.2035423013340822,1.6052988482693922
Phosphocholine,Genotype,1,0.00619478584069455,0.00619478584069455,0.015921674349930894,0.90126434219826,0.9513345834314967,0.04514781110690882
Phosphocholine,Sex:Genotype,1,1.8115596305933872,1.8115596305933872,4.656022539845409,0.0475676773975068,0.29950998603418005,1.3226880535006775
Phosphocholine,Residuals,15,5.836181896963718,0.38907879313091454,NA,NA,NA,NA
Pipecolic acid,Sex,1,0.7295223116568863,0.7295223116568863,2.035653837011701,0.17413137978457882,0.47633457947651076,0.7591229586973041
Pipecolic acid,Genotype,1,0.7379462062658835,0.7379462062658835,2.05915981223601,0.1718154606790882,0.7473204712893272,0.7649377590990345
Pipecolic acid,Sex:Genotype,1,1.9783191145323178,1.9783191145323178,5.520287497698069,0.032908279286390535,0.2600644783032585,1.4826948255744372
Pipecolic acid,Residuals,15,5.3755871827978154,0.3583724788531877,NA,NA,NA,NA
Pterin,Sex,1,0.0034873477997366953,0.0034873477997366953,0.0848875403179723,0.7747703847881475,0.8794164843028625,0.11082698832579886
Pterin,Genotype,1,0.19296898567412635,0.19296898567412635,4.697169164706602,0.046716174334141866,0.6612267265170964,1.330532729542918
Pterin,Sex:Genotype,1,0.006223371943257394,0.006223371943257394,0.1514866790134574,0.7025883719355814,0.834323691673503,0.1532990421984219
Pterin,Residuals,15,0.6162296233358451,0.041081974889056336,NA,NA,NA,NA
Pyrazole,Sex,1,0.26797184098720583,0.26797184098720583,3.1645213989508245,0.09552213050342076,0.3111292250682848,1.0198959997033914
Pyrazole,Genotype,1,0.27479866659361485,0.27479866659361485,3.2451404507093944,0.09176808594750584,0.7472544141439761,1.0373083264966532
Pyrazole,Sex:Genotype,1,0.098078020633944,0.098078020633944,1.1582186916336286,0.2988409091352784,0.5216306105677427,0.5245599510480855
Pyrazole,Residuals,15,1.2702008007089953,0.08468005338059968,NA,NA,NA,NA
Pyridoxine,Sex,1,0.2019794023190049,0.2019794023190049,1.3642092456214105,0.26103945899500025,0.5722788139505776,0.5832938392957621
Pyridoxine,Genotype,1,0.225338488491039,0.225338488491039,1.5219811815677609,0.2363019912064803,0.7550675670052133,0.6265326187555141
Pyridoxine,Sex:Genotype,1,0.08583667616227597,0.08583667616227597,0.5797580638893175,0.45821174654595376,0.6696940911056247,0.3389337815920621
Pyridoxine,Residuals,15,2.2208404205654095,0.14805602803769397,NA,NA,NA,NA
Pyruvic acid,Sex,1,0.20407733646007697,0.20407733646007697,1.6449752656666439,0.21911034650333017,0.5203870729454092,0.6593371143461382
Pyruvic acid,Genotype,1,0.49684180654855625,0.49684180654855625,4.004817472132145,0.06380257887445667,0.6612267265170964,1.195161766916597
Pyruvic acid,Sex:Genotype,1,0.15507477369620482,0.15507477369620482,1.2499877325134165,0.2811416646705738,0.506529954177193,0.5510747879903851
Pyruvic acid,Residuals,15,1.860915547359666,0.1240610364906444,NA,NA,NA,NA
Riboflavin,Sex,1,0.017106181748794747,0.017106181748794747,0.1024354012675597,0.7533412116758543,0.8794164843028625,0.12300827375439544
Riboflavin,Genotype,1,0.6265785519823881,0.6265785519823881,3.752083681823658,0.07180880952675847,0.6821836905042055,1.143822273109138
Riboflavin,Sex:Genotype,1,0.4349557899618759,0.4349557899618759,2.6046064243139697,0.12738859495721327,0.36645545872129043,0.8948694524470422
Riboflavin,Residuals,15,2.504922351616556,0.16699482344110372,NA,NA,NA,NA
Sarcosine,Sex,1,0.18172170893615114,0.18172170893615114,2.0220289641637015,0.17549168717555658,0.47633457947651076,0.7557434507040781
Sarcosine,Genotype,1,0.1349940930157576,0.1349940930157576,1.5020878224559142,0.23924598125817417,0.7550675670052133,0.6211553485649436
Sarcosine,Sex:Genotype,1,0.024148455917623268,0.024148455917623268,0.2687013983696404,0.611765922732948,0.7804929547894734,0.2134147182327105
Sarcosine,Residuals,15,1.348064583817498,0.08987097225449987,NA,NA,NA,NA
Succinic acid,Sex,1,0.004899880369296561,0.004899880369296561,0.11948455732953217,0.7343943011268443,0.8794164843028625,0.1340707019031749
Succinic acid,Genotype,1,0.009699277503975146,0.009699277503975146,0.23651881099806044,0.6337604609709138,0.8610727428674073,0.19807485905198352
Succinic acid,Sex:Genotype,1,0.13921654194682753,0.13921654194682753,3.3948230637828782,0.0852551269764613,0.3239694825105529,1.0692794944394677
Succinic acid,Residuals,15,0.6151272363736864,0.041008482424912424,NA,NA,NA,NA
Theobromine,Sex,1,0.08925779856962457,0.08925779856962457,0.36431462391165287,0.5551381660853997,0.847101644100047,0.25559891363284803
Theobromine,Genotype,1,0.7299366122869242,0.7299366122869242,2.979309221672364,0.10486788465253877,0.7473204712893272,0.9793574922988458
Theobromine,Sex:Genotype,1,0.03179815556742138,0.03179815556742138,0.12978734936637457,0.7236750952926834,0.8418261312588358,0.14045637301864808
Theobromine,Residuals,15,3.6750294681254596,0.24500196454169731,NA,NA,NA,NA
Thiamine pyrophosphate,Sex,1,0.5418993707940407,0.5418993707940407,1.9509803234916006,0.18280556746480797,0.48464731839507225,0.7380105816742648
Thiamine pyrophosphate,Genotype,1,0.1047965864395799,0.1047965864395799,0.377295286047517,0.5482582956214761,0.8383093339393983,0.26101478835016667
Thiamine pyrophosphate,Sex:Genotype,1,3.059345204150051,3.059345204150051,11.014447732831327,0.004675131744528026,0.24508897697843748,2.3302061462641124
Thiamine pyrophosphate,Residuals,15,4.166362143193396,0.2777574762128931,NA,NA,NA,NA
Thiourea,Sex,1,0.26911666843917903,0.26911666843917903,0.7506731961113956,0.3999102576130744,0.7567144229509485,0.3980374561624959
Thiourea,Genotype,1,2.100829250126779e-4,2.100829250126779e-4,5.860046562048568e-4,0.9810061744368608,0.9896876450070985,0.008328259169063983
Thiourea,Sex:Genotype,1,1.02793215087961,1.02793215087961,2.8673107376136038,0.11105433697244352,0.3435594976454634,0.9544644764093247
Thiourea,Residuals,15,5.377506546788511,0.3585004364525674,NA,NA,NA,NA
Thymidine,Sex,1,0.4486506530771308,0.4486506530771308,0.6844865816431934,0.4210136255231799,0.763454052516438,0.3757038485971741
Thymidine,Genotype,1,1.6343583758842541,1.6343583758842541,2.4934687383517775,0.13517204357593596,0.7473204712893272,0.8691131203482184
Thymidine,Sex:Genotype,1,0.26162629581920704,0.26162629581920704,0.399151740145741,0.5370382307751113,0.7325037446107682,0.2699947965654868
Thymidine,Residuals,15,9.83183597259329,0.6554557315062193,NA,NA,NA,NA
Thymine,Sex,1,0.0645129130851736,0.0645129130851736,0.8744996542521785,0.3645242680664015,0.729048536132803,0.43827355339131346
Thymine,Genotype,1,0.008260685996965167,0.008260685996965167,0.11197707098878577,0.742537709306663,0.8846325499571882,0.12928148608085546
Thymine,Sex:Genotype,1,0.022302997948027592,0.022302997948027592,0.3023265120362328,0.5905212874525516,0.7737865145929986,0.22876444206987373
Thymine,Residuals,15,1.1065684149470816,0.07377122766313877,NA,NA,NA,NA
Thyrotropin releasing hormone,Sex,1,0.9810962803123218,0.9810962803123218,3.4140485402119554,0.08445917950460975,0.30839295229746744,1.0733531419301883
Thyrotropin releasing hormone,Genotype,1,0.042006037456082446,0.042006037456082446,0.14617388092774514,0.7075814845437252,0.8673579487955341,0.1502235399026433
Thyrotropin releasing hormone,Sex:Genotype,1,0.09313285636263657,0.09313285636263657,0.3240865332905042,0.5775881321353384,0.7656400821328905,0.23838173891675177
Thyrotropin releasing hormone,Residuals,15,4.310555058414952,0.2873703372276635,NA,NA,NA,NA
Trigonelline,Sex,1,0.6429851598114049,0.6429851598114049,5.9980497586137025,0.027089666518283557,0.2035423013340822,1.5671963412259942
Trigonelline,Genotype,1,0.21728138917972206,0.21728138917972206,2.0268968327401904,0.17500415408983522,0.7473204712893272,0.7569516423029594
Trigonelline,Sex:Genotype,1,0.32004386839281307,0.32004386839281307,2.9855106580101483,0.10453764211170913,0.3435594976454634,0.9807272998133797
Trigonelline,Residuals,15,1.6079855595263053,0.10719903730175369,NA,NA,NA,NA
Trimethyllysine,Sex,1,4.106491966463046,4.106491966463046,9.938657680414549,0.0065718096743187975,0.2035423013340822,2.1823150226243793
Trimethyllysine,Genotype,1,0.08394507109766014,0.08394507109766014,0.2031664331529901,0.658624076871443,0.8610727428674073,0.18136239712656751
Trimethyllysine,Sex:Genotype,1,1.1814690506994818,1.1814690506994818,2.859427596791369,0.11150615274458023,0.3435594976454634,0.9527011682275062
Trimethyllysine,Residuals,15,6.19775642522949,0.41318376168196597,NA,NA,NA,NA
Tyramine,Sex,1,0.2228776012974234,0.2228776012974234,1.3813302952773316,0.25819390423243804,0.5722788139505776,0.5880540153208222
Tyramine,Genotype,1,0.7604699673118787,0.7604699673118787,4.713170809365687,0.04638985400986953,0.6612267265170964,1.3335769942156193
Tyramine,Sex:Genotype,1,0.013124527461795932,0.013124527461795932,0.08134198900492029,0.7793872782876856,0.8797044527207539,0.10824668734824187
Tyramine,Residuals,15,2.4202495455948423,0.16134996970632282,NA,NA,NA,NA
Uracil,Sex,1,0.015706856894959653,0.015706856894959653,0.07903530966543988,0.7824499165885908,0.8794164843028625,0.10654345141131252
Uracil,Genotype,1,0.5144256524361621,0.5144256524361621,2.5885376693783435,0.12847945018488827,0.7473204712893272,0.8911663305817393
Uracil,Sex:Genotype,1,0.7834512267505915,0.7834512267505915,3.942247053506425,0.06568201448117984,0.29950998603418005,1.1825535357813712
Uracil,Residuals,15,2.9809822270794224,0.1987321484719615,NA,NA,NA,NA
Urea,Sex,1,0.0024580520346103585,0.0024580520346103585,0.18871999286700203,0.670168355684198,0.8645421587041033,0.17381608273200932
Urea,Genotype,1,0.09064614850767727,0.09064614850767727,6.9594704501451945,0.018629630608456058,0.5309444723409976,1.7297957562846296
Urea,Sex:Genotype,1,5.422542544265552e-4,5.422542544265552e-4,0.041632242762388326,0.8410648808427464,0.9153203066616897,0.07517050086660904
Urea,Residuals,15,0.19537294358176233,0.013024862905450822,NA,NA,NA,NA
Uridine,Sex,1,0.041405654960020355,0.041405654960020355,0.3408661219376883,0.5680061824340418,0.847101644100047,0.24564693720733208
Uridine,Genotype,1,0.21834283064986937,0.21834283064986937,1.797476069594379,0.19997009629357057,0.7550675670052133,0.699034944264455
Uridine,Sex:Genotype,1,0.7401728621700452,0.7401728621700452,6.093367037305243,0.02607671813985699,0.2600644783032585,1.583747067212978
Uridine,Residuals,15,1.822078477232308,0.12147189848215387,NA,NA,NA,NA
Uridine 5-monophosphate (UMP),Sex,1,2.4801486472644783,2.4801486472644783,3.7630122282684733,0.0714388879652682,0.287879986360929,1.146065314398157
Uridine 5-monophosphate (UMP),Genotype,1,0.6429671738823437,0.6429671738823437,0.9755436797560912,0.33896686948232224,0.7728444624196946,0.46984274753186206
Uridine 5-monophosphate (UMP),Sex:Genotype,1,0.8928564233585679,0.8928564233585679,1.354688817902961,0.2626398810891242,0.5054975253584476,0.5806393269066057
Uridine 5-monophosphate (UMP),Residuals,15,9.886289879553633,0.6590859919702422,NA,NA,NA,NA
Valine,Sex,1,0.022137072416683168,0.022137072416683168,0.16442467597065044,0.6908398352444576,0.8645421587041033,0.16062262807032826
Valine,Genotype,1,0.15851857114386725,0.15851857114386725,1.177407933852083,0.2950163940259248,0.7550675670052133,0.5301538496585575
Valine,Sex:Genotype,1,0.9235340018986475,0.9235340018986475,6.859614322606772,0.019349129761455593,0.24508897697843748,1.7133385628567845
Valine,Residuals,15,2.019502755836472,0.13463351705576482,NA,NA,NA,NA
Vanillin,Sex,1,0.22510816719890192,0.22510816719890192,3.199957614236961,0.09384981232741696,0.3111292250682848,1.027566591505594
Vanillin,Genotype,1,0.24646404423371715,0.24646404423371715,3.5035356770705626,0.08086882568668895,0.7091573944832724,1.092218863325564
Vanillin,Sex:Genotype,1,5.054629347700512e-5,5.054629347700512e-5,7.185256701072175e-4,0.9789683751960059,0.9898400306839357,0.00923133751218831
Vanillin,Residuals,15,1.055208510562942,0.07034723403752947,NA,NA,NA,NA
Xanthine,Sex,1,0.009844147342539245,0.009844147342539245,0.08649429161230424,0.7727127327788836,0.8794164843028625,0.11198193138115436
Xanthine,Genotype,1,0.006366347072095824,0.006366347072095824,0.05593706199210115,0.8162361373811317,0.9122639182495001,0.08818418153310667
Xanthine,Sex:Genotype,1,0.0317166254522776,0.0317166254522776,0.2786739120586861,0.6052936762611664,0.7804929547894734,0.21803386330738284
Xanthine,Residuals,15,1.707190236321711,0.1138126824214474,NA,NA,NA,NA
alpha-Ketoglutaric acid,Sex,1,0.0019009175712425552,0.0019009175712425552,0.02431427825790304,0.8781670553387609,0.9269541139686921,0.05642285959437203
alpha-Ketoglutaric acid,Genotype,1,0.0033561548240599315,0.0033561548240599315,0.04292794359066104,0.8386474850131208,0.9216270465496378,0.0764205510722928
alpha-Ketoglutaric acid,Sex:Genotype,1,0.041046755197515106,0.041046755197515106,0.5250213068439586,0.4798581883304367,0.6841221376368655,0.31888708996850945
alpha-Ketoglutaric acid,Residuals,15,1.1727168401295358,0.07818112267530239,NA,NA,NA,NA
beta-Alanine,Sex,1,0.23116353828184155,0.23116353828184155,2.5823588617230033,0.1289019405351472,0.3867058216054416,0.8897405445755131
beta-Alanine,Genotype,1,0.005218029291545356,0.005218029291545356,0.05829130442415813,0.8124866102044723,0.9122639182495001,0.09018378747182994
beta-Alanine,Sex:Genotype,1,0.26851171358803705,0.26851171358803705,2.9995803326694634,0.10379302732284852,0.3435594976454634,0.9838318208317205
beta-Alanine,Residuals,15,1.3427464035397723,0.08951642690265148,NA,NA,NA,NA
cis-Aconitic acid,Sex,1,0.09471937889989235,0.09471937889989235,0.9833422434744093,0.3371028908620669,0.6987223556050114,0.4722375231240583
cis-Aconitic acid,Genotype,1,4.603136596084134e-4,4.603136596084134e-4,0.00477880948965732,0.9458001342293307,0.9787239135304089,0.024200628684883593
cis-Aconitic acid,Sex:Genotype,1,0.050518835332336476,0.050518835332336476,0.5244682286812427,0.4800857106223617,0.6841221376368655,0.3186812202758095
cis-Aconitic acid,Residuals,15,1.4448587894265117,0.09632391929510078,NA,NA,NA,NA
trans-Aconitic acid,Sex,1,0.04344981048363339,0.04344981048363339,0.2439249627818632,0.6285391614274076,0.8530174333657675,0.20166765821353247
trans-Aconitic acid,Genotype,1,0.06366267593323816,0.06366267593323816,0.35739893188851407,0.5588728892929322,0.8383093339393983,0.25268695732997476
trans-Aconitic acid,Sex:Genotype,1,0.044324698603225965,0.044324698603225965,0.24883653891152893,0.6251311810041528,0.783131369609598,0.20402883832273983
trans-Aconitic acid,Residuals,15,2.671916600177343,0.1781277733451562,NA,NA,NA,NA
