Metabolite,contrast,Genotype,estimate_log2,SE,df,t_ratio,raw_p,label1,label2,Direction,p_adj_BH_global
"(R)-2,3-Dihydroxyisovalerate",Female - Male,4s2-,-0.8739163475010538,0.2717674405898514,15,-3.215677145151318,0.005775440199371385,Female,Male,Male > Female,0.1097333637880563
"(R)-2,3-Dihydroxyisovalerate",Female - Male,4s2M,-0.18980387911390673,0.29770631521301344,15,-0.6375540907760023,0.5333757257756147,Female,Male,Male > Female,0.8619640389730581
(R)-2-Pyrrolidone-5-carboxylic acid,Female - Male,4s2-,-0.25649920944558857,0.2083770353611946,15,-1.2309379918040413,0.237298940754877,Female,Male,Male > Female,0.6079118931697973
(R)-2-Pyrrolidone-5-carboxylic acid,Female - Male,4s2M,0.0329971978152348,0.2282656054667559,15,0.14455615311716527,0.8869856922828068,Female,Male,Female > Male,0.9777183940268404
(S)-(5-Adenosyl)methionine,Female - Male,4s2-,-1.4172632086003212,0.5433618152284422,15,-2.6083231630924786,0.01976862969391414,Female,Male,Male > Female,0.17335567577740094
(S)-(5-Adenosyl)methionine,Female - Male,4s2M,-0.34361532223535185,0.5952230461751438,15,-0.5772883366049025,0.5723082896143494,Female,Male,Male > Female,0.8713363648006438
"1,7-Dimethylxanthine",Female - Male,4s2-,-0.08803371853675597,0.19196504590469315,15,-0.4585924386487682,0.6531012272601552,Female,Male,Male > Female,0.9145661700061103
"1,7-Dimethylxanthine",Female - Male,4s2M,-0.17411963479389808,0.21028717178903028,15,-0.8280088286535275,0.4206448324340719,Female,Male,Male > Female,0.8297281816034752
1-Aminocyclopropane-1-carboxylic acid,Female - Male,4s2-,-0.3971699696941967,0.20990901777876697,15,-1.8921053220914639,0.07794173820456723,Female,Male,Male > Female,0.4038799161509393
1-Aminocyclopropane-1-carboxylic acid,Female - Male,4s2M,0.07080994163947793,0.22994380812236728,15,0.3079445461814549,0.7623592849798844,Female,Male,Female > Male,0.9525101634634475
2-Aminoadipic acid,Female - Male,4s2-,-0.7987770499216678,0.42961683264435985,15,-1.8592778243931183,0.0827161741275998,Female,Male,Male > Female,0.4099845152411468
2-Aminoadipic acid,Female - Male,4s2M,0.4072759264136516,0.4706216606464755,15,0.8653998752505183,0.40044892867929527,Female,Male,Female > Male,0.8008978573585905
2-Aminobutyric acid,Female - Male,4s2-,-0.42503897344880504,0.21344024701631917,15,-1.9913721961552429,0.06497412543066683,Female,Male,Male > Female,0.34451396739981477
2-Aminobutyric acid,Female - Male,4s2M,0.1643629610046875,0.23381207594062547,15,0.7029703677342398,0.49284118174672353,Female,Male,Female > Male,0.8597683153311272
2-Aminoisobutyric acid,Female - Male,4s2-,-0.6216115404942293,0.22560491758196236,15,-2.7553102439285153,0.014728012309995084,Female,Male,Male > Female,0.16789934033394396
2-Aminoisobutyric acid,Female - Male,4s2M,-0.22309545349749244,0.2471378048874693,15,-0.9027168206785513,0.38094413878261923,Female,Male,Male > Female,0.7824798526345692
2-Aminophenol,Female - Male,4s2-,-0.08508115145083528,0.13346261074963525,15,-0.6374905374093156,0.533415993640937,Female,Male,Male > Female,0.8619640389730581
2-Aminophenol,Female - Male,4s2M,0.14602423034382347,0.1462009649822134,15,0.9987911527231613,0.33373652025019507,Female,Male,Female > Male,0.7178483643117404
2-Deoxyadenosine,Female - Male,4s2-,-0.2850336772030727,0.1590259038265545,15,-1.7923726282603096,0.09326170718347042,Female,Male,Male > Female,0.4341050998241392
2-Deoxyadenosine,Female - Male,4s2M,0.18647222791944007,0.17420414950690202,15,1.0704235716959887,0.3013511370351552,Female,Male,Female > Male,0.6902812917059069
2-Deoxyguanosine 5-monophosphate (dGMP),Female - Male,4s2-,-0.9637064207503838,0.3596317202410263,15,-2.6797036148660767,0.01714196942691838,Female,Male,Male > Female,0.1700686011952668
2-Deoxyguanosine 5-monophosphate (dGMP),Female - Male,4s2M,-0.11103276657962341,0.3939568111407947,15,-0.28183994651114647,0.7819174587664515,Female,Male,Male > Female,0.9584794655846824
2-Deoxyuridine,Female - Male,4s2-,-0.12725497512446599,0.413442873488017,15,-0.3077933694947442,0.7624720844314248,Female,Male,Male > Female,0.9525101634634475
2-Deoxyuridine,Female - Male,4s2M,0.685696766447988,0.45290397609828303,15,1.5140003237666155,0.15081010178963666,Female,Male,Female > Male,0.5330745862163652
2-Hydroxypyridine,Female - Male,4s2-,-0.09806359319326267,0.2091333043719244,15,-0.46890471839370723,0.6458801761013052,Female,Male,Male > Female,0.9145661700061103
2-Hydroxypyridine,Female - Male,4s2M,-0.2568504071384754,0.22909405666019356,15,-1.1211570080993056,0.2798498457620458,Female,Male,Male > Female,0.6577913900386232
2-Methylglutaric acid,Female - Male,4s2-,0.060697665918137134,0.13604564376956954,15,0.44615662976276704,0.6618570967149482,Female,Male,Female > Male,0.9145661700061103
2-Methylglutaric acid,Female - Male,4s2M,-0.13060048189619988,0.1490305358858108,15,-0.8763337065114476,0.3946664989782688,Female,Male,Male > Female,0.7963182457260645
2-Oxoadipic acid,Female - Male,4s2-,-0.2747114913578098,0.10905309027225553,15,-2.519061960298248,0.023600160246829677,Female,Male,Male > Female,0.18245634795182777
2-Oxoadipic acid,Female - Male,4s2M,-0.016886061774977285,0.1194616750155231,15,-0.1413512892129051,0.8894733256033196,Female,Male,Male > Female,0.9777183940268404
3-(2-Hydroxyethyl)indole (IEA),Female - Male,4s2-,-0.34516749360871857,0.35666602710908923,15,-0.9677610632176814,0.34850962573634314,Female,Male,Male > Female,0.7289926116319838
3-(2-Hydroxyethyl)indole (IEA),Female - Male,4s2M,-0.013183892165481464,0.3907080570867945,15,-0.03374358917444261,0.9735265509471032,Female,Male,Male > Female,0.9842990621904806
3-Amino-4-hydroxybenzoic acid,Female - Male,4s2-,-0.1820953863184188,0.127628223272099,15,-1.4267642504918185,0.17413114238169833,Female,Male,Male > Female,0.5527589425616366
3-Amino-4-hydroxybenzoic acid,Female - Male,4s2M,0.10873164844893227,0.13980971372086887,15,0.777711687944772,0.44883230501778304,Female,Male,Female > Male,0.8597683153311272
3-Hydroxybenzaldehyde,Female - Male,4s2-,-0.18870442477125862,0.17791770224525816,15,-1.0606275957359828,0.30563918267522733,Female,Male,Male > Female,0.6902812917059069
3-Hydroxybenzaldehyde,Female - Male,4s2M,0.12288160445086058,0.19489907779843085,15,0.6304883832131191,0.5378629656436502,Female,Male,Female > Male,0.8619640389730581
3-Hydroxybenzyl alcohol,Female - Male,4s2-,-0.008706955171877251,0.33214270003242036,15,-0.02621450108952377,0.9794318279576307,Female,Male,Male > Female,0.9842990621904806
3-Hydroxybenzyl alcohol,Female - Male,4s2M,2.897297075016548,0.36384409823685704,15,7.963017921842039,9.116174124879318e-7,Female,Male,Female > Male,2.0784877004724844e-4
3-Hydroxyphenylacetic acid,Female - Male,4s2-,-0.47261220428111533,0.1605546140224213,15,-2.943622686639921,0.010062986710443906,Female,Male,Male > Female,0.13496240999889475
3-Hydroxyphenylacetic acid,Female - Male,4s2M,-0.12569471562917328,0.1758787676232308,15,-0.7146667976343667,0.4857895009513242,Female,Male,Male > Female,0.8597683153311272
3-Methyladenine,Female - Male,4s2-,-0.7695840371406559,0.21948457485164954,15,-3.506324021452627,0.003181970582457514,Female,Male,Male > Female,0.1097333637880563
3-Methyladenine,Female - Male,4s2M,0.23470621689219656,0.24043330534135912,15,0.9761801367700227,0.34445673452802195,Female,Male,Female > Male,0.7272193537566735
3-Methylglutaric acid,Female - Male,4s2-,-0.803493901448686,0.30021377962829016,15,-2.676405801371051,0.01725553027923128,Female,Male,Male > Female,0.1700686011952668
3-Methylglutaric acid,Female - Male,4s2M,-0.2146045270774416,0.3288677183525988,15,-0.6525557696950699,0.5239181528063755,Female,Male,Male > Female,0.8603859003080148
4-Aminobenzoic acid (PAB),Female - Male,4s2-,-0.33445969563373484,0.21982271455466482,15,-1.5214974317431718,0.14893403512426007,Female,Male,Male > Female,0.5330745862163652
4-Aminobenzoic acid (PAB),Female - Male,4s2M,0.3410118716292186,0.24080371882721827,15,1.416140387241701,0.17716459991825292,Female,Male,Female > Male,0.5533360107035845
4-Hydroxybenzaldehyde,Female - Male,4s2-,-0.14031410949034193,0.19753820167942987,15,-0.7103137939771635,0.4884068394031562,Female,Male,Male > Female,0.8597683153311272
4-Hydroxybenzaldehyde,Female - Male,4s2M,0.15225053243309508,0.21639225805765727,15,0.7035858574595041,0.4924686055943215,Female,Male,Female > Male,0.8597683153311272
4-Hydroxyphenylacetic acid,Female - Male,4s2-,-0.23586761538402853,0.1256412867716212,15,-1.8773097716896698,0.0800621874224046,Female,Male,Male > Female,0.40564841627351667
4-Hydroxyphenylacetic acid,Female - Male,4s2M,-0.21100054344303734,0.13763313383758471,15,-1.533065022642226,0.14607791791478122,Female,Male,Male > Female,0.5330745862163652
4-Methylaminobutyrate,Female - Male,4s2-,0.2610464117863289,0.4196671583158271,15,0.6220320237445751,0.5432607301806491,Female,Male,Female > Male,0.8619640389730581
4-Methylaminobutyrate,Female - Male,4s2M,-0.13028706453952132,0.4597223385073405,15,-0.2834038149256499,0.7807413284906957,Female,Male,Male > Female,0.9584794655846824
5-Deoxy-5-(methylthio)adenosine,Female - Male,4s2-,-0.12397095386820184,0.16415113353129848,15,-0.7552244763790465,0.4618089978836011,Female,Male,Male > Female,0.8597683153311272
5-Deoxy-5-(methylthio)adenosine,Female - Male,4s2M,-0.042477624295065075,0.17981855735026966,15,-0.23622491983584681,0.816453418068174,Female,Male,Male > Female,0.9751800558512879
5-Valerolactone,Female - Male,4s2-,-0.37626999620626206,0.6305117998593662,15,-0.5967691584680699,0.5595616696469123,Female,Male,Male > Female,0.8713363648006438
5-Valerolactone,Female - Male,4s2M,-0.9428020248804796,0.690691071112315,15,-1.365012614629802,0.19237447874124142,Female,Male,Male > Female,0.5696283266623772
Acetylcholine,Female - Male,4s2-,0.20481113392394965,0.5510622420038562,15,0.3716660629463276,0.7153391847863393,Female,Male,Female > Male,0.9427591568282391
Acetylcholine,Female - Male,4s2M,0.21539416768310096,0.6036584410697658,15,0.3568146372663867,0.7262003667419732,Female,Male,Female > Male,0.9480169624166698
Adenine,Female - Male,4s2-,-0.6153699847607028,0.2905988719833468,15,-2.117592475706401,0.05132562389359872,Female,Male,Male > Female,0.321365274405451
Adenine,Female - Male,4s2M,0.4210633819283274,0.31833511474167014,15,1.322704792620888,0.20574600181605243,Female,Male,Female > Male,0.5720742489519506
Adenosine 5-monophosphate (AMP),Female - Male,4s2-,-1.2244800430472784,0.2878890568829551,15,-4.25330527080474,6.940897360870977e-4,Female,Male,Male > Female,0.07912622991392913
Adenosine 5-monophosphate (AMP),Female - Male,4s2M,0.008582723690906291,0.3153666610273648,15,0.027215063453272112,0.9786469791625177,Female,Male,Female > Male,0.9842990621904806
Adenylosuccinic acid,Female - Male,4s2-,-1.06580470056664,0.5167503715307378,15,-2.0625136609180803,0.05692093965944035,Female,Male,Male > Female,0.321365274405451
Adenylosuccinic acid,Female - Male,4s2M,0.7088657224663002,0.566071670173121,15,1.2522543695739246,0.22965100766555333,Female,Male,Female > Male,0.6018440200890363
Adipic acid,Female - Male,4s2-,-0.9468647759677409,0.34113897814207395,15,-2.7755983239575768,0.01413848173878374,Female,Male,Male > Female,0.16789934033394396
Adipic acid,Female - Male,4s2M,-0.1728184956112085,0.3736990271453514,15,-0.46245369417028265,0.6503931789423988,Female,Male,Male > Female,0.9145661700061103
Alanine,Female - Male,4s2-,-0.2976779810689528,0.1677471844011436,15,-1.7745632043343162,0.09626226570207957,Female,Male,Male > Female,0.4341050998241392
Alanine,Female - Male,4s2M,-0.20657246722408074,0.1837578337089702,15,-1.1241559777595311,0.27861569384605445,Female,Male,Male > Female,0.6577913900386232
alpha-Ketoglutaric acid,Female - Male,4s2-,0.1089555800654963,0.18048675237084855,15,0.6036763287846402,0.5550788973965348,Female,Male,Female > Male,0.8713363648006438
alpha-Ketoglutaric acid,Female - Male,4s2M,-0.08501914061838242,0.19771333120872556,15,-0.43001218025418775,0.6733005152162653,Female,Male,Male > Female,0.9192366315527456
Aniline,Female - Male,4s2-,-0.029550383290527157,0.14893644871858044,15,-0.19840934536020413,0.8453888684970532,Female,Male,Male > Female,0.9754360847578736
Aniline,Female - Male,4s2M,0.17023392637366502,0.1631517051957558,15,1.0434088088102522,0.3132842155725969,Female,Male,Female > Male,0.6934835063160397
Anserine,Female - Male,4s2-,-1.6132569254124092,0.6304744270314411,15,-2.558798352866353,0.021813992229941313,Female,Male,Male > Female,0.17762822244380783
Anserine,Female - Male,4s2M,-0.5490769295985783,0.6906501312305303,15,-0.7950145880958407,0.439004205464149,Female,Male,Male > Female,0.8554953747506493
Benzaldehyde,Female - Male,4s2-,0.004892234489964724,0.14523857879839772,15,0.0336841253228973,0.9735731843309177,Female,Male,Female > Male,0.9842990621904806
Benzaldehyde,Female - Male,4s2M,-0.09868323539180554,0.159100891655748,15,-0.6202557029367868,0.5443983404040367,Female,Male,Male > Female,0.8619640389730581
Benzoic acid,Female - Male,4s2-,-0.01838071894307558,0.25977334077954267,15,-0.07075675620876903,0.9445260996840412,Female,Male,Male > Female,0.9842990621904806
Benzoic acid,Female - Male,4s2M,0.3854928944115658,0.28456743716686433,15,1.3546627057878056,0.19557890165327346,Female,Male,Female > Male,0.571254389616739
Benzylamine,Female - Male,4s2-,0.20071984856222758,0.2904282079024937,15,0.6911169201223589,0.500048868926577,Female,Male,Female > Male,0.8597964490165703
Benzylamine,Female - Male,4s2M,2.995807423437219e-4,0.3181481616079919,15,9.416390804509882e-4,0.9992610899735388,Female,Male,Female > Male,0.9992610899735388
beta-Alanine,Female - Male,4s2-,-0.4547192809848123,0.19312822478715558,15,-2.3544941786005293,0.03259211546900581,Female,Male,Male > Female,0.23970975248172016
beta-Alanine,Female - Male,4s2M,0.041401407412376745,0.21156137041370696,15,0.1956945510960557,0.8474755767587213,Female,Male,Female > Male,0.9754360847578736
Betaine,Female - Male,4s2-,0.05766220237692354,0.22928639640355966,15,0.2514854927347462,0.8048515619948562,Female,Male,Female > Male,0.9751800558512879
Betaine,Female - Male,4s2M,-0.03193003109800643,0.25117066287860207,15,-0.1271248430531838,0.9005300997615635,Female,Male,Male > Female,0.9777183940268404
CDP-ethanolamine,Female - Male,4s2-,-1.6307197408437792,0.6002077961641556,15,-2.716925290316923,0.015909264714440714,Female,Male,Male > Female,0.1700686011952668
CDP-ethanolamine,Female - Male,4s2M,-0.3558922250218778,0.6574946982991415,15,-0.541285315216271,0.5962592756639609,Female,Male,Male > Female,0.9003120188833316
Cinnamaldehyde,Female - Male,4s2-,-0.10925831778008609,0.24178900376656912,15,-0.4518746348182467,0.6578246982198317,Female,Male,Male > Female,0.9145661700061103
Cinnamaldehyde,Female - Male,4s2M,0.03496887109369039,0.26486658303930294,15,0.13202447319864974,0.8967195880127228,Female,Male,Female > Male,0.9777183940268404
cis-Aconitic acid,Female - Male,4s2-,-0.24453722763995067,0.2003371317877908,15,-1.2206285747316143,0.24106827971622286,Female,Male,Male > Female,0.6107063086144312
cis-Aconitic acid,Female - Male,4s2M,-0.02934212456375325,0.2194583323721166,15,-0.1337024857821317,0.895415172566987,Female,Male,Male > Female,0.9777183940268404
Citric acid,Female - Male,4s2-,-0.14292058618335804,0.3572990736977693,15,-0.40000267760070135,0.6947930056348156,Female,Male,Male > Female,0.9282939284586726
Citric acid,Female - Male,4s2M,-0.10742346799213907,0.3914015248799381,15,-0.2744584810319558,0.7874761790840211,Female,Male,Male > Female,0.9601313841238333
Creatinine,Female - Male,4s2-,-0.06964963562037271,0.06955426776536205,15,-1.0013711287326377,0.33252854563710865,Female,Male,Male > Female,0.7178483643117404
Creatinine,Female - Male,4s2M,-0.024795478273962085,0.07619288285168647,15,-0.3254303728371561,0.7493505306679492,Female,Male,Male > Female,0.9525101634634475
Cytidine diphosphate choline (CDPcholine),Female - Male,4s2-,-1.922454646427909,0.6606447216202772,15,-2.9099674658914325,0.010774627335003544,Female,Male,Male > Female,0.1364786129100449
Cytidine diphosphate choline (CDPcholine),Female - Male,4s2M,0.028430579604525552,0.7237000330562935,15,0.03928503289471877,0.9691812418010175,Female,Male,Female > Male,0.9842990621904806
Dihydrouracil,Female - Male,4s2-,0.17271658516769123,0.36053977677538823,15,0.47905001415500265,0.638811779250918,Female,Male,Female > Male,0.9145661700061103
Dihydrouracil,Female - Male,4s2M,0.03748808122587981,0.3949515372355146,15,0.09491818031214597,0.9256362082082784,Female,Male,Female > Male,0.9830965645260357
Ergocalciferol (Vitamin D2),Female - Male,4s2-,-0.28282473613845394,0.20472239420135022,15,-1.3815036564113639,0.1873567278038447,Female,Male,Male > Female,0.5670865594639977
Ergocalciferol (Vitamin D2),Female - Male,4s2M,0.05430909653161778,0.22426214666108865,15,0.24216791527324152,0.8119298118357212,Female,Male,Female > Male,0.9751800558512879
Glucose,Female - Male,4s2-,-0.5115553260175101,0.1579838455390247,15,-3.238023003378198,0.005517045853768461,Female,Male,Male > Female,0.1097333637880563
Glucose,Female - Male,4s2M,0.1309990581955243,0.17306263184627146,15,0.7569459495559301,0.4608074837437639,Female,Male,Female > Male,0.8597683153311272
Glucuronic acid,Female - Male,4s2-,-0.7050609690750214,0.34319315181209487,15,-2.054414446652643,0.057789369520278466,Female,Male,Male > Female,0.321365274405451
Glucuronic acid,Female - Male,4s2M,-0.170871894443769,0.3759492616575587,15,-0.4545078601574998,0.6559713953446176,Female,Male,Male > Female,0.9145661700061103
Glutamic acid,Female - Male,4s2-,0.048164840862162064,0.1578879827960326,15,0.3050570411326602,0.7645147364640829,Female,Male,Female > Male,0.9525101634634475
Glutamic acid,Female - Male,4s2M,-0.19887576985343192,0.17295761947274932,15,-1.1498526081689404,0.2682079367869684,Female,Male,Male > Female,0.6505469105045617
Glutaric acid,Female - Male,4s2-,-0.38090662330212166,0.2169833451956155,15,-1.7554647936629677,0.0995742428457652,Female,Male,Male > Female,0.4341050998241392
Glutaric acid,Female - Male,4s2M,-0.016200343806764328,0.23769334553313767,15,-0.06815648864896716,0.946561303166165,Female,Male,Male > Female,0.9842990621904806
Glutarylcarnitine,Female - Male,4s2-,-0.20484968349625243,0.4159784712116643,15,-0.4924526091448079,0.6295292493051514,Female,Male,Male > Female,0.9145661700061103
Glutarylcarnitine,Female - Male,4s2M,0.7461217147642305,0.4556815842382838,15,1.6373751772555076,0.12235439111664634,Female,Male,Female > Male,0.4649466862432561
"Glutathione (oxidized, GSSG)",Female - Male,4s2-,-1.256878571667185,0.41746604779372876,15,-3.010732437547143,0.008778742009074796,Female,Male,Male > Female,0.1334368785379369
"Glutathione (oxidized, GSSG)",Female - Male,4s2M,-0.09453055295365298,0.45731114273831003,15,-0.20670948970895026,0.8390164994842423,Female,Male,Male > Female,0.9754360847578736
Glycerol 1-phosphate,Female - Male,4s2-,-1.5621615070310964,0.40901102957394686,15,-3.8193627899432148,0.0016755819905583508,Female,Male,Male > Female,0.1097333637880563
Glycerol 1-phosphate,Female - Male,4s2M,-0.039956086214104625,0.4480491343321266,15,-0.08917791186822441,0.930120323494122,Female,Male,Male > Female,0.9830965645260357
Glycerol 2-phosphate,Female - Male,4s2-,-1.4548071089047228,0.4292876187475283,15,-3.38888671690371,0.004049069585447705,Female,Male,Male > Female,0.1097333637880563
Glycerol 2-phosphate,Female - Male,4s2M,-0.11040670720972412,0.47026102489139787,15,-0.23477749880552287,0.8175561746100948,Female,Male,Male > Female,0.9751800558512879
Glycerol,Female - Male,4s2-,-0.18476401991840477,0.13740665507267535,15,-1.3446511729776245,0.19871945680947847,Female,Male,Male > Female,0.571254389616739
Glycerol,Female - Male,4s2M,0.10028100891789618,0.1505214490692719,15,0.6662240467253645,0.5153843552906574,Female,Male,Female > Male,0.8603859003080148
Glycerophosphocholine,Female - Male,4s2-,-1.0612590677890816,0.3282328122660739,15,-3.2332509978581845,0.005571245613857428,Female,Male,Male > Female,0.1097333637880563
Glycerophosphocholine,Female - Male,4s2M,-0.04945481521826256,0.3595610307829742,15,-0.13754220002810252,0.8924315214555036,Female,Male,Male > Female,0.9777183940268404
Guanidineacetic acid,Female - Male,4s2-,-0.50586689962722,0.19179128978659335,15,-2.637590581877307,0.0186478729380775,Female,Male,Male > Female,0.1700686011952668
Guanidineacetic acid,Female - Male,4s2M,-0.24212318687682727,0.2100968314982547,15,-1.1524361655060877,0.26717802157009435,Female,Male,Male > Female,0.6505469105045617
Guanidinosuccinic acid,Female - Male,4s2-,-0.3279959062190313,0.19248539620726302,15,-1.704004109827918,0.10900107525789267,Female,Male,Male > Female,0.46022676219999126
Guanidinosuccinic acid,Female - Male,4s2M,-0.07482185989262627,0.2108571869860746,15,-0.35484614473950865,0.727644598346128,Female,Male,Male > Female,0.9480169624166698
Guanine,Female - Male,4s2-,-0.6317079527772721,0.27591442553437817,15,-2.289506797456529,0.03696599191228864,Female,Male,Male > Female,0.2633826923750565
Guanine,Female - Male,4s2M,0.2019483911257158,0.30224910961251666,15,0.6681521457072731,0.5141869760241404,Female,Male,Female > Male,0.8603859003080148
Guanosine 5-monophosphate,Female - Male,4s2-,-1.3681394884468085,0.43965396682116825,15,-3.1118552127230257,0.0071421354066224865,Female,Male,Male > Female,0.11631477662213763
Guanosine 5-monophosphate,Female - Male,4s2M,0.1431423433403981,0.4816167902491635,15,0.29721211186666413,0.7703809012366577,Female,Male,Female > Male,0.9546024210975975
Hydrocortisone 21-acetate,Female - Male,4s2-,-0.1702201061745174,0.14575999769088765,15,-1.1678108457129792,0.2611109726985534,Female,Male,Male > Female,0.6471011062529366
Hydrocortisone 21-acetate,Female - Male,4s2M,-0.14556743382594842,0.1596720774344002,15,-0.9116649333115456,0.3763642072585963,Female,Male,Male > Female,0.7801003568632724
Hypoxanthine,Female - Male,4s2-,-0.5463499685311755,0.2981093593601947,15,-1.8327165899915292,0.0867685905162103,Female,Male,Male > Female,0.42091997101480744
Hypoxanthine,Female - Male,4s2M,0.4688988465598882,0.326562441449985,15,1.4358627540812985,0.1715673245036727,Female,Male,Female > Male,0.5527589425616366
Inosine 5-monophosphate (IMP),Female - Male,4s2-,-1.2967139832321046,0.7804297060899754,14,-1.6615384743986246,0.11882516702470163,Female,Male,Male > Female,0.4649466862432561
Inosine 5-monophosphate (IMP),Female - Male,4s2M,-0.15252720264806852,0.8226451416333678,14,-0.18541068916449768,0.8555662863844189,Female,Male,Male > Female,0.9754360847578736
Leucine,Female - Male,4s2-,-0.07094657419248786,0.2056548327153655,15,-0.3449788816326079,0.7348999366057503,Female,Male,Male > Female,0.9494427487016864
Leucine,Female - Male,4s2M,-0.02046011139274392,0.2252835818763142,15,-0.09081936296617028,0.9288378173278977,Female,Male,Male > Female,0.9830965645260357
Lumichrome,Female - Male,4s2-,0.0891543192041045,0.27286251907118686,15,0.3267371404016288,0.7483814416760023,Female,Male,Female > Male,0.9525101634634475
Lumichrome,Female - Male,4s2M,0.007626041024070815,0.29890591358594526,15,0.025513182166862946,0.9799819610405223,Female,Male,Female > Male,0.9842990621904806
Mannose,Female - Male,4s2-,-0.5058658973845848,0.16224563866275166,15,-3.1179013596543683,0.007054436144712504,Female,Male,Male > Female,0.11631477662213763
Mannose,Female - Male,4s2M,0.1280829661460121,0.1777311923048428,15,0.720655527513288,0.48220235510566534,Female,Male,Female > Male,0.8597683153311272
"N,N-Dimethyl-1,4-phenylenediamine",Female - Male,4s2-,0.01013114062535021,0.18915211402600182,15,0.05356081097754758,0.9579919168807066,Female,Male,Female > Male,0.9842990621904806
"N,N-Dimethyl-1,4-phenylenediamine",Female - Male,4s2M,0.015467659071656988,0.20720575930366106,15,0.07464878931762248,0.9414805947114664,Female,Male,Female > Male,0.9842990621904806
N-Acetylaspartic acid,Female - Male,4s2-,-0.3843156689610818,0.18443975771171212,15,-2.083692115675976,0.05470632928864023,Female,Male,Male > Female,0.321365274405451
N-Acetylaspartic acid,Female - Male,4s2M,-0.0420227542718532,0.2020436315989843,15,-0.20798851188370965,0.8380355625149932,Female,Male,Male > Female,0.9754360847578736
N-Acetylglucosamine,Female - Male,4s2-,-0.9224402687036848,0.2507190813652378,15,-3.6791785598476636,0.002232299212381063,Female,Male,Male > Female,0.1097333637880563
N-Acetylglucosamine,Female - Male,4s2M,0.19298021108064128,0.27464899292142775,15,0.7026430682593092,0.4930393746886832,Female,Male,Female > Male,0.8597683153311272
N-Acetylglutamic acid,Female - Male,4s2-,-0.09478844390579827,0.2381479915123688,15,-0.39802327663500453,0.6962204463440045,Female,Male,Male > Female,0.9282939284586726
N-Acetylglutamic acid,Female - Male,4s2M,-0.04211601907216303,0.26087805395174646,15,-0.16143948651178247,0.87390163876644,Female,Male,Male > Female,0.9777183940268404
N-Acetylphenylalanine,Female - Male,4s2-,-0.2384832583803456,0.36519507905001775,15,-0.6530297697348832,0.5236208781988094,Female,Male,Male > Female,0.8603859003080148
N-Acetylphenylalanine,Female - Male,4s2M,0.2139634970808366,0.4000511653711541,15,0.5348403294421813,0.600599475920806,Female,Male,Female > Male,0.9003842585877107
N-Acetylproline,Female - Male,4s2-,-0.2033801309631489,0.16293248887884282,14,-1.2482478624283648,0.2324132003540035,Female,Male,Male > Female,0.6021614736444636
N-Acetylproline,Female - Male,4s2M,-0.18084656451095532,0.17174592323239918,14,-1.0529889799261294,0.31018153910876567,Female,Male,Male > Female,0.6933469697725351
N-Acetylserine,Female - Male,4s2-,0.16175753098658047,0.3088880823947637,15,0.5236768273236644,0.6081542799232782,Female,Male,Female > Male,0.9003842585877107
N-Acetylserine,Female - Male,4s2M,-0.24863868680472145,0.3383699409442529,15,-0.7348131636955458,0.47378559434868717,Female,Male,Male > Female,0.8597683153311272
N-Acetylserotonin,Female - Male,4s2-,-0.42937235549205643,0.19238052273855846,15,-2.2318909907296876,0.04129832546522745,Female,Male,Male > Female,0.2847432367854159
N-Acetylserotonin,Female - Male,4s2M,0.08880035395236999,0.21074230385708803,15,0.42136938017242476,0.679461340145791,Female,Male,Female > Male,0.9221261044835735
Nicotinamide adenine dinucleotide (NAD),Female - Male,4s2-,-1.0525435302705595,0.41110727251276197,15,-2.560264925106343,0.021750609812300585,Female,Male,Male > Female,0.17762822244380783
Nicotinamide adenine dinucleotide (NAD),Female - Male,4s2M,-0.23811569773770702,0.4503454534193265,15,-0.5287400948089339,0.6047219664742562,Female,Male,Male > Female,0.9003842585877107
Nicotinamide,Female - Male,4s2-,-0.22522988470089983,0.3456698901105136,15,-0.6515750753671138,0.5245335093983072,Female,Male,Male > Female,0.8603859003080148
Nicotinamide,Female - Male,4s2M,0.12951695092840176,0.37866239252772044,15,0.34203806209490506,0.7370673970184145,Female,Male,Female > Male,0.9494427487016864
N-Methylaspartic acid,Female - Male,4s2-,0.5331017084688995,0.42173881240528516,15,1.2640565506135966,0.22550045591470433,Female,Male,Female > Male,0.5978384180064253
N-Methylaspartic acid,Female - Male,4s2M,-0.6584625251583257,0.46199172185962856,15,-1.4252690989956587,0.17455545554577998,Female,Male,Male > Female,0.5527589425616366
N-Methylglutamic acid,Female - Male,4s2-,-0.3297357861291211,0.2293217520641314,15,-1.437874005240062,0.1710048062787856,Female,Male,Male > Female,0.5527589425616366
N-Methylglutamic acid,Female - Male,4s2M,0.18480110769167363,0.2512093930642634,15,0.7356456915780953,0.4732934390371515,Female,Male,Female > Male,0.8597683153311272
Norleucine,Female - Male,4s2-,0.1890527675373078,0.26297733438615245,15,0.718893770744916,0.4832559660114524,Female,Male,Female > Male,0.8597683153311272
Norleucine,Female - Male,4s2M,-0.475822731590409,0.28807723631174936,15,-1.6517193016788267,0.11936597660417005,Female,Male,Male > Female,0.4649466862432561
Norvaline,Female - Male,4s2-,-0.49883936651463257,0.233924270549572,15,-2.1324823001165294,0.04990247870563964,Female,Male,Male > Female,0.321365274405451
Norvaline,Female - Male,4s2M,0.4198393230941643,0.256251199455884,15,1.6383896894361405,0.12214093236157259,Female,Male,Female > Male,0.4649466862432561
O-Acetylserine,Female - Male,4s2-,-0.3863561572737392,0.1539019095486941,15,-2.5104052211353314,0.024007414204187866,Female,Male,Male > Female,0.18245634795182777
O-Acetylserine,Female - Male,4s2M,-0.018065260004469952,0.16859109500587896,15,-0.10715429544982785,0.9160866304213785,Female,Male,Male > Female,0.9830965645260357
Ophthalmic acid,Female - Male,4s2-,0.11692022599054518,0.0786613926491291,15,1.4863737095536875,0.15789537101994602,Female,Male,Female > Male,0.5373155909335476
Ophthalmic acid,Female - Male,4s2M,-0.03772875647303957,0.08616923831739813,15,-0.4378448412653763,0.6677379681590987,Female,Male,Male > Female,0.9171340767486416
Oxalic acid,Female - Male,4s2-,0.08032251647959276,0.2544176139669034,15,0.3157113032670833,0.7565717154305955,Female,Male,Female > Male,0.9525101634634475
Oxalic acid,Female - Male,4s2M,-0.35467277807371267,0.2787005323926288,15,-1.2725945480938492,0.2225348079935181,Female,Male,Male > Female,0.5969168967355544
Palmitic acid,Female - Male,4s2-,-0.6193830001415312,0.35435478199684933,15,-1.7479177130084231,0.10091039601175165,Female,Male,Male > Female,0.4341050998241392
Palmitic acid,Female - Male,4s2M,0.5075888074945847,0.38817621491899984,15,1.3076247023545802,0.21068851671957778,Female,Male,Female > Male,0.5787588170128161
Phosphocholine,Female - Male,4s2-,-1.32727795678873,0.4026365157366476,15,-3.2964669246662726,0.004894232960023532,Female,Male,Male > Female,0.1097333637880563
Phosphocholine,Female - Male,4s2M,-0.0386366847335704,0.44106620428849136,15,-0.08759837946753914,0.931354640077297,Female,Male,Male > Female,0.9830965645260357
Pipecolic acid,Female - Male,4s2-,-1.0192985557727403,0.38642187591908933,15,-2.637786883437638,0.018640566370943697,Female,Male,Male > Female,0.1700686011952668
Pipecolic acid,Female - Male,4s2M,0.32734883249238866,0.4233039563086952,15,0.7733186227384771,0.4513493495631099,Female,Male,Female > Male,0.8597683153311272
Pterin,Female - Male,4s2-,-0.06248452853554405,0.1308338241323963,15,-0.4775869615514204,0.6398289041339162,Female,Male,Male > Female,0.9145661700061103
Pterin,Female - Male,4s2M,0.01304531731795032,0.14332127352395446,15,0.09102150013877701,0.9286798965976273,Female,Male,Female > Male,0.9830965645260357
Pyrazole,Female - Male,4s2-,-0.38307624170833243,0.18783864239088258,15,-2.0393899616840843,0.05943253630655473,Female,Male,Male > Female,0.3226337685212971
Pyrazole,Female - Male,4s2M,-0.08323486323000748,0.20576692321726503,15,-0.404510413668972,0.6915467186004454,Female,Male,Male > Female,0.9282939284586726
Pyridoxine,Female - Male,4s2-,-0.3417558741110358,0.2483747404273883,15,-1.3759687217909633,0.1890288531546659,Female,Male,Male > Female,0.5670865594639977
Pyridoxine,Female - Male,4s2M,-0.06124986737424645,0.2720808960931418,15,-0.2251163835967326,0.8249268456039986,Female,Male,Male > Female,0.9751800558512879
Pyruvic acid,Female - Male,4s2-,-0.04398555281749186,0.22735896405853123,15,-0.19346302442761057,0.8491917088335657,Female,Male,Male > Female,0.9754360847578736
Pyruvic acid,Female - Male,4s2M,-0.4210158909710515,0.24905926653172777,15,-1.6904245195687915,0.1116149526595044,Female,Male,Male > Female,0.4626947128430364
Riboflavin,Female - Male,4s2-,-0.34936763584385677,0.2637824414812199,15,-1.3244537198232362,0.2051788435030105,Female,Male,Male > Female,0.5720742489519506
Riboflavin,Female - Male,4s2M,0.2820668216667539,0.2889591869461012,15,0.9761476167198903,0.34447232546368745,Female,Male,Female > Male,0.7272193537566735
Sarcosine,Female - Male,4s2-,-0.27085315335748195,0.19351030577045486,15,-1.3996833516390206,0.18194912757311432,Female,Male,Male > Female,0.5606000146847306
Sarcosine,Female - Male,4s2M,-0.12207114977117825,0.2119799191604005,15,-0.5758618564186249,0.5732476084214762,Female,Male,Male > Female,0.8713363648006438
Succinic acid,Female - Male,4s2-,-0.19574925875923463,0.1307167459702346,15,-1.4975071273867888,0.15500724656550252,Female,Male,Male > Female,0.5354795790444633
Succinic acid,Female - Male,4s2M,0.16148338735707204,0.14319302082314003,15,1.127732248602554,0.27714930964961765,Female,Male,Female > Male,0.6577913900386232
Theobromine,Female - Male,4s2-,-0.22003243131993963,0.3195061061894965,15,-0.6886642447748407,0.5015479285929993,Female,Male,Male > Female,0.8597964490165703
Theobromine,Female - Male,4s2M,-0.0493036719671692,0.35000140324125645,15,-0.14086706941910204,0.8898492847893352,Female,Male,Male > Female,0.9777183940268404
Thiamine pyrophosphate,Female - Male,4s2-,-1.1121374643053958,0.3401944763739884,15,-3.2691226387896486,0.0051764183162365685,Female,Male,Male > Female,0.1097333637880563
Thiamine pyrophosphate,Female - Male,4s2M,0.5624967555978289,0.37266437729738355,15,1.509392337623299,0.15197301800027954,Female,Male,Female > Male,0.5330745862163652
Thiourea,Female - Male,4s2-,-0.6885415342688155,0.3864908561081833,15,-1.781520890823054,0.09508003366236967,Female,Male,Male > Female,0.4341050998241392
Thiourea,Female - Male,4s2M,0.28216498075326346,0.4233795203198707,15,0.6664587378720701,0.5152385231846164,Female,Male,Female > Male,0.8603859003080148
Thymidine,Female - Male,4s2-,0.09672197544179897,0.5225959766342044,15,0.18507983177509296,0.8556456883840997,Female,Male,Female > Male,0.9754360847578736
Thymidine,Female - Male,4s2M,0.586440368501464,0.5724752097279929,15,1.024394346752773,0.32188666296190743,Female,Male,Female > Male,0.7056746072626433
Thymine,Female - Male,4s2-,-0.18607956411194393,0.1753225927435133,15,-1.0613553062392105,0.3053191114386246,Female,Male,Male > Female,0.6902812917059069
Thymine,Female - Male,4s2M,-0.043095597228618415,0.19205627777182757,15,-0.2243904637151103,0.825481363067099,Female,Male,Male > Female,0.9751800558512879
Thyrotropin releasing hormone,Female - Male,4s2-,-0.6050149371925394,0.3460312710023856,15,-1.7484400627721541,0.10081741348041058,Female,Male,Male > Female,0.4341050998241392
Thyrotropin releasing hormone,Female - Male,4s2M,-0.312830432129242,0.3790582654603798,15,-0.8252832364684048,0.4221424081842242,Female,Male,Male > Female,0.8297281816034752
trans-Aconitic acid,Female - Male,4s2-,-0.19099611882476647,0.27243330479308464,15,-0.701074778540126,0.4939896899490248,Female,Male,Male > Female,0.8597683153311272
trans-Aconitic acid,Female - Male,4s2M,0.010575143312533106,0.2984357329017055,15,0.03543524500136247,0.9721999448242621,Female,Male,Female > Male,0.9842990621904806
Trigonelline,Female - Male,4s2-,-0.628473306217294,0.21134395080625643,15,-2.973699052278194,0.009466118654306944,Female,Male,Male > Female,0.13489219082387396
Trigonelline,Female - Male,4s2M,-0.08683362337754358,0.2315156984976976,15,-0.37506581169659703,0.7128616824784906,Female,Male,Male > Female,0.9427591568282391
Trimethyllysine,Female - Male,4s2-,-1.4391072554381212,0.4149215596963106,15,-3.468383895238976,0.0034396007426586157,Female,Male,Male > Female,0.1097333637880563
Trimethyllysine,Female - Male,4s2M,-0.39842800779525245,0.4545237956817914,15,-0.8765833859096539,0.39453510741643993,Female,Male,Male > Female,0.7963182457260645
Tyramine,Female - Male,4s2-,-0.27492129055399334,0.2592858539224637,15,-1.0603019269852076,0.3057825020276167,Female,Male,Male > Female,0.6902812917059069
Tyramine,Female - Male,4s2M,-0.16523621025599017,0.28403342207064547,15,-0.58174917955568,0.5693760940658306,Female,Male,Male > Female,0.8713363648006438
Uracil,Female - Male,4s2-,-0.44494973559555395,0.287758686859871,15,-1.5462599598677966,0.14287653143603718,Female,Male,Male > Female,0.5330745862163652
Uracil,Female - Male,4s2M,0.40249561634247844,0.31522384782243357,15,1.2768564914200442,0.22106599147827577,Female,Male,Female > Male,0.5969168967355544
Urea,Female - Male,4s2-,-0.03376982420544769,0.07366835284302553,15,-0.4584034107210911,0.6532339297751316,Female,Male,Male > Female,0.9145661700061103
Urea,Female - Male,4s2M,-0.011474838224491827,0.08069963725274984,15,-0.14219194305115446,0.8888206881290703,Female,Male,Male > Female,0.9777183940268404
Uridine 5-monophosphate (UMP),Female - Male,4s2-,-1.1619993364512762,0.5240411847564408,15,-2.217381706346878,0.04246171074870237,Female,Male,Male > Female,0.2847432367854159
Uridine 5-monophosphate (UMP),Female - Male,4s2M,-0.25731612039605295,0.5740583559056701,15,-0.4482403535265941,0.6603863709799276,Female,Male,Male > Female,0.9145661700061103
Uridine,Female - Male,4s2-,-0.47141897092834634,0.22497397857136897,15,-2.095437765389374,0.05351247690447278,Female,Male,Male > Female,0.321365274405451
Uridine,Female - Male,4s2M,0.352287160117515,0.2464466458304453,15,1.4294662397632618,0.17336649090313633,Female,Male,Female > Male,0.5527589425616366
Valine,Female - Male,4s2-,-0.4891551321910586,0.2368486832837273,15,-2.065264308879804,0.05662873464581729,Female,Male,Male > Female,0.321365274405451
Valine,Female - Male,4s2M,0.430938795119496,0.2594547330997884,15,1.6609401955051384,0.11747836583424391,Female,Male,Female > Male,0.4649466862432561
Vanillin,Female - Male,4s2-,-0.2292819105892294,0.1712055709246556,15,-1.3392199176166535,0.20044013670762773,Female,Male,Male > Female,0.571254389616739
Vanillin,Female - Male,4s2M,-0.22247499481526592,0.18754630633196898,15,-1.186240343339372,0.25397752056040857,Female,Male,Male > Female,0.6363392822832215
Xanthine,Female - Male,4s2-,-0.030204258403129403,0.2177658168972725,15,-0.13870064105321805,0.8915316819471892,Female,Male,Male > Female,0.9777183940268404
Xanthine,Female - Male,4s2M,0.14030548715780447,0.23855050033635164,15,0.5881584275026731,0.5651770610057878,Female,Male,Female > Male,0.8713363648006438
